-- Radar Gestión Valencia — Seed demo V1

-- Generado desde SQLite local.

-- No contiene claves ni secretos.

-- Revisión obligatoria antes de ejecutar en Supabase.

begin;

insert into public.user_clients (id, org_id, client_key, nombre, nif, email, cnae, sector_key, tiene_empleados, numero_empleados, fecha_creacion) values
  (1, 1, 'transportes_levante', 'Transportes Levante SL', null, null, '4941', 'transporte', true, 12, '2026-04-08 18:53:02'::timestamptz),
  (2, 1, 'clinica_dental', 'Clínica Dental Sonrisas', null, null, '8620', 'clinicas_privadas', true, 5, '2026-04-08 18:53:02'::timestamptz),
  (3, 1, 'inmobiliaria_turia', 'Inmobiliaria Turia', null, null, '6831', 'oficinas', false, 0, '2026-04-08 18:53:02'::timestamptz),
  (4, 1, 'industrias_metalurgicas_turia', 'Industrias Metalúrgicas Turia', null, null, '2410', 'metal', true, 55, '2026-04-08 18:53:02'::timestamptz)
on conflict (id) do nothing;

insert into public.compliance_obligations (id, sector_key, title, summary, obligation_type, legal_reference, source_name, source_url, territory, risk_level, status, review_status, needs_human_review, publish_to_client, last_reviewed_at, tags_json, created_at, updated_at) values
  ('base_obligation_prl_general_oficinas', 'oficinas', 'Prevención de riesgos laborales', 'Obligación general de integrar la prevención de riesgos laborales en la empresa y proteger la seguridad y salud de las personas trabajadoras.', 'laboral_prl', 'Ley 31/1995, de 8 de noviembre, de Prevención de Riesgos Laborales', null, null, 'estatal', 'alto', 'vigente_pendiente_revision', 'pending_review', true, false, null, '["laboral","prevención de riesgos","PRL","transversal"]'::jsonb, '2026-05-06 17:40:19'::timestamptz, '2026-05-06 17:40:19'::timestamptz),
  ('base_obligation_prl_general_comercio', 'comercio', 'Prevención de riesgos laborales', 'Obligación general de integrar la prevención de riesgos laborales en la empresa y proteger la seguridad y salud de las personas trabajadoras.', 'laboral_prl', 'Ley 31/1995, de 8 de noviembre, de Prevención de Riesgos Laborales', null, null, 'estatal', 'alto', 'vigente_pendiente_revision', 'pending_review', true, false, null, '["laboral","prevención de riesgos","PRL","transversal"]'::jsonb, '2026-05-06 17:40:19'::timestamptz, '2026-05-06 17:40:19'::timestamptz),
  ('base_obligation_prl_general_hosteleria', 'hosteleria', 'Prevención de riesgos laborales', 'Obligación general de integrar la prevención de riesgos laborales en la empresa y proteger la seguridad y salud de las personas trabajadoras.', 'laboral_prl', 'Ley 31/1995, de 8 de noviembre, de Prevención de Riesgos Laborales', null, null, 'estatal', 'alto', 'vigente_pendiente_revision', 'pending_review', true, false, null, '["laboral","prevención de riesgos","PRL","transversal"]'::jsonb, '2026-05-06 17:40:19'::timestamptz, '2026-05-06 17:40:19'::timestamptz),
  ('base_obligation_prl_general_metal', 'metal', 'Prevención de riesgos laborales', 'Obligación general de integrar la prevención de riesgos laborales en la empresa y proteger la seguridad y salud de las personas trabajadoras.', 'laboral_prl', 'Ley 31/1995, de 8 de noviembre, de Prevención de Riesgos Laborales', null, null, 'estatal', 'alto', 'vigente_pendiente_revision', 'pending_review', true, false, null, '["laboral","prevención de riesgos","PRL","transversal"]'::jsonb, '2026-05-06 17:40:19'::timestamptz, '2026-05-06 17:40:19'::timestamptz),
  ('base_obligation_prl_general_talleres', 'talleres', 'Prevención de riesgos laborales', 'Obligación general de integrar la prevención de riesgos laborales en la empresa y proteger la seguridad y salud de las personas trabajadoras.', 'laboral_prl', 'Ley 31/1995, de 8 de noviembre, de Prevención de Riesgos Laborales', null, null, 'estatal', 'alto', 'vigente_pendiente_revision', 'pending_review', true, false, null, '["laboral","prevención de riesgos","PRL","transversal"]'::jsonb, '2026-05-06 17:40:19'::timestamptz, '2026-05-06 17:40:19'::timestamptz),
  ('base_obligation_prl_general_construccion', 'construccion', 'Prevención de riesgos laborales', 'Obligación general de integrar la prevención de riesgos laborales en la empresa y proteger la seguridad y salud de las personas trabajadoras.', 'laboral_prl', 'Ley 31/1995, de 8 de noviembre, de Prevención de Riesgos Laborales', null, null, 'estatal', 'alto', 'vigente_pendiente_revision', 'pending_review', true, false, null, '["laboral","prevención de riesgos","PRL","transversal"]'::jsonb, '2026-05-06 17:40:19'::timestamptz, '2026-05-06 17:40:19'::timestamptz),
  ('base_obligation_prl_general_transporte', 'transporte', 'Prevención de riesgos laborales', 'Obligación general de integrar la prevención de riesgos laborales en la empresa y proteger la seguridad y salud de las personas trabajadoras.', 'laboral_prl', 'Ley 31/1995, de 8 de noviembre, de Prevención de Riesgos Laborales', null, null, 'estatal', 'alto', 'vigente_pendiente_revision', 'pending_review', true, false, null, '["laboral","prevención de riesgos","PRL","transversal"]'::jsonb, '2026-05-06 17:40:19'::timestamptz, '2026-05-06 17:40:19'::timestamptz),
  ('base_obligation_prl_general_alimentacion', 'alimentacion', 'Prevención de riesgos laborales', 'Obligación general de integrar la prevención de riesgos laborales en la empresa y proteger la seguridad y salud de las personas trabajadoras.', 'laboral_prl', 'Ley 31/1995, de 8 de noviembre, de Prevención de Riesgos Laborales', null, null, 'estatal', 'alto', 'vigente_pendiente_revision', 'pending_review', true, false, null, '["laboral","prevención de riesgos","PRL","transversal"]'::jsonb, '2026-05-06 17:40:19'::timestamptz, '2026-05-06 17:40:19'::timestamptz),
  ('base_obligation_prl_general_clinicas_privadas', 'clinicas_privadas', 'Prevención de riesgos laborales', 'Obligación general de integrar la prevención de riesgos laborales en la empresa y proteger la seguridad y salud de las personas trabajadoras.', 'laboral_prl', 'Ley 31/1995, de 8 de noviembre, de Prevención de Riesgos Laborales', null, null, 'estatal', 'alto', 'vigente_pendiente_revision', 'pending_review', true, false, null, '["laboral","prevención de riesgos","PRL","transversal"]'::jsonb, '2026-05-06 17:40:19'::timestamptz, '2026-05-06 17:40:19'::timestamptz),
  ('base_obligation_prl_general_peluqueria_estetica', 'peluqueria_estetica', 'Prevención de riesgos laborales', 'Obligación general de integrar la prevención de riesgos laborales en la empresa y proteger la seguridad y salud de las personas trabajadoras.', 'laboral_prl', 'Ley 31/1995, de 8 de noviembre, de Prevención de Riesgos Laborales', null, null, 'estatal', 'alto', 'vigente_pendiente_revision', 'pending_review', true, false, null, '["laboral","prevención de riesgos","PRL","transversal"]'::jsonb, '2026-05-06 17:40:19'::timestamptz, '2026-05-06 17:40:19'::timestamptz),
  ('base_obligation_registro_jornada_oficinas', 'oficinas', 'Registro diario de jornada', 'La empresa debe garantizar el registro diario de jornada, incluyendo horario concreto de inicio y finalización de la jornada de cada persona trabajadora.', 'laboral', 'Real Decreto-ley 8/2019, de 8 de marzo, modificación del artículo 34.9 del Estatuto de los Trabajadores', null, null, 'estatal', 'alto', 'vigente_pendiente_revision', 'pending_review', true, false, null, '["laboral","registro horario","jornada","transversal"]'::jsonb, '2026-05-06 17:40:19'::timestamptz, '2026-05-06 17:40:19'::timestamptz),
  ('base_obligation_registro_jornada_comercio', 'comercio', 'Registro diario de jornada', 'La empresa debe garantizar el registro diario de jornada, incluyendo horario concreto de inicio y finalización de la jornada de cada persona trabajadora.', 'laboral', 'Real Decreto-ley 8/2019, de 8 de marzo, modificación del artículo 34.9 del Estatuto de los Trabajadores', null, null, 'estatal', 'alto', 'vigente_pendiente_revision', 'pending_review', true, false, null, '["laboral","registro horario","jornada","transversal"]'::jsonb, '2026-05-06 17:40:19'::timestamptz, '2026-05-06 17:40:19'::timestamptz),
  ('base_obligation_registro_jornada_hosteleria', 'hosteleria', 'Registro diario de jornada', 'La empresa debe garantizar el registro diario de jornada, incluyendo horario concreto de inicio y finalización de la jornada de cada persona trabajadora.', 'laboral', 'Real Decreto-ley 8/2019, de 8 de marzo, modificación del artículo 34.9 del Estatuto de los Trabajadores', null, null, 'estatal', 'alto', 'vigente_pendiente_revision', 'pending_review', true, false, null, '["laboral","registro horario","jornada","transversal"]'::jsonb, '2026-05-06 17:40:19'::timestamptz, '2026-05-06 17:40:19'::timestamptz),
  ('base_obligation_registro_jornada_metal', 'metal', 'Registro diario de jornada', 'La empresa debe garantizar el registro diario de jornada, incluyendo horario concreto de inicio y finalización de la jornada de cada persona trabajadora.', 'laboral', 'Real Decreto-ley 8/2019, de 8 de marzo, modificación del artículo 34.9 del Estatuto de los Trabajadores', null, null, 'estatal', 'alto', 'vigente_pendiente_revision', 'pending_review', true, false, null, '["laboral","registro horario","jornada","transversal"]'::jsonb, '2026-05-06 17:40:19'::timestamptz, '2026-05-06 17:40:19'::timestamptz),
  ('base_obligation_registro_jornada_talleres', 'talleres', 'Registro diario de jornada', 'La empresa debe garantizar el registro diario de jornada, incluyendo horario concreto de inicio y finalización de la jornada de cada persona trabajadora.', 'laboral', 'Real Decreto-ley 8/2019, de 8 de marzo, modificación del artículo 34.9 del Estatuto de los Trabajadores', null, null, 'estatal', 'alto', 'vigente_pendiente_revision', 'pending_review', true, false, null, '["laboral","registro horario","jornada","transversal"]'::jsonb, '2026-05-06 17:40:19'::timestamptz, '2026-05-06 17:40:19'::timestamptz),
  ('base_obligation_registro_jornada_construccion', 'construccion', 'Registro diario de jornada', 'La empresa debe garantizar el registro diario de jornada, incluyendo horario concreto de inicio y finalización de la jornada de cada persona trabajadora.', 'laboral', 'Real Decreto-ley 8/2019, de 8 de marzo, modificación del artículo 34.9 del Estatuto de los Trabajadores', null, null, 'estatal', 'alto', 'vigente_pendiente_revision', 'pending_review', true, false, null, '["laboral","registro horario","jornada","transversal"]'::jsonb, '2026-05-06 17:40:19'::timestamptz, '2026-05-06 17:40:19'::timestamptz),
  ('base_obligation_registro_jornada_transporte', 'transporte', 'Registro diario de jornada', 'La empresa debe garantizar el registro diario de jornada, incluyendo horario concreto de inicio y finalización de la jornada de cada persona trabajadora.', 'laboral', 'Real Decreto-ley 8/2019, de 8 de marzo, modificación del artículo 34.9 del Estatuto de los Trabajadores', null, null, 'estatal', 'alto', 'vigente_pendiente_revision', 'pending_review', true, false, null, '["laboral","registro horario","jornada","transversal"]'::jsonb, '2026-05-06 17:40:19'::timestamptz, '2026-05-06 17:40:19'::timestamptz),
  ('base_obligation_registro_jornada_alimentacion', 'alimentacion', 'Registro diario de jornada', 'La empresa debe garantizar el registro diario de jornada, incluyendo horario concreto de inicio y finalización de la jornada de cada persona trabajadora.', 'laboral', 'Real Decreto-ley 8/2019, de 8 de marzo, modificación del artículo 34.9 del Estatuto de los Trabajadores', null, null, 'estatal', 'alto', 'vigente_pendiente_revision', 'pending_review', true, false, null, '["laboral","registro horario","jornada","transversal"]'::jsonb, '2026-05-06 17:40:19'::timestamptz, '2026-05-06 17:40:19'::timestamptz),
  ('base_obligation_registro_jornada_clinicas_privadas', 'clinicas_privadas', 'Registro diario de jornada', 'La empresa debe garantizar el registro diario de jornada, incluyendo horario concreto de inicio y finalización de la jornada de cada persona trabajadora.', 'laboral', 'Real Decreto-ley 8/2019, de 8 de marzo, modificación del artículo 34.9 del Estatuto de los Trabajadores', null, null, 'estatal', 'alto', 'vigente_pendiente_revision', 'pending_review', true, false, null, '["laboral","registro horario","jornada","transversal"]'::jsonb, '2026-05-06 17:40:19'::timestamptz, '2026-05-06 17:40:19'::timestamptz),
  ('base_obligation_registro_jornada_peluqueria_estetica', 'peluqueria_estetica', 'Registro diario de jornada', 'La empresa debe garantizar el registro diario de jornada, incluyendo horario concreto de inicio y finalización de la jornada de cada persona trabajadora.', 'laboral', 'Real Decreto-ley 8/2019, de 8 de marzo, modificación del artículo 34.9 del Estatuto de los Trabajadores', null, null, 'estatal', 'alto', 'vigente_pendiente_revision', 'pending_review', true, false, null, '["laboral","registro horario","jornada","transversal"]'::jsonb, '2026-05-06 17:40:19'::timestamptz, '2026-05-06 17:40:19'::timestamptz),
  ('base_obligation_registro_retributivo_oficinas', 'oficinas', 'Registro retributivo', 'Obligación de contar con registro retributivo conforme a la normativa de igualdad retributiva entre mujeres y hombres.', 'laboral_igualdad', 'Real Decreto 902/2020, de 13 de octubre, de igualdad retributiva entre mujeres y hombres', null, null, 'estatal', 'medio', 'vigente_pendiente_revision', 'pending_review', true, false, null, '["igualdad","registro retributivo","laboral","transversal"]'::jsonb, '2026-05-06 17:40:19'::timestamptz, '2026-05-06 17:40:19'::timestamptz),
  ('base_obligation_registro_retributivo_comercio', 'comercio', 'Registro retributivo', 'Obligación de contar con registro retributivo conforme a la normativa de igualdad retributiva entre mujeres y hombres.', 'laboral_igualdad', 'Real Decreto 902/2020, de 13 de octubre, de igualdad retributiva entre mujeres y hombres', null, null, 'estatal', 'medio', 'vigente_pendiente_revision', 'pending_review', true, false, null, '["igualdad","registro retributivo","laboral","transversal"]'::jsonb, '2026-05-06 17:40:19'::timestamptz, '2026-05-06 17:40:19'::timestamptz),
  ('base_obligation_registro_retributivo_hosteleria', 'hosteleria', 'Registro retributivo', 'Obligación de contar con registro retributivo conforme a la normativa de igualdad retributiva entre mujeres y hombres.', 'laboral_igualdad', 'Real Decreto 902/2020, de 13 de octubre, de igualdad retributiva entre mujeres y hombres', null, null, 'estatal', 'medio', 'vigente_pendiente_revision', 'pending_review', true, false, null, '["igualdad","registro retributivo","laboral","transversal"]'::jsonb, '2026-05-06 17:40:19'::timestamptz, '2026-05-06 17:40:19'::timestamptz),
  ('base_obligation_registro_retributivo_metal', 'metal', 'Registro retributivo', 'Obligación de contar con registro retributivo conforme a la normativa de igualdad retributiva entre mujeres y hombres.', 'laboral_igualdad', 'Real Decreto 902/2020, de 13 de octubre, de igualdad retributiva entre mujeres y hombres', null, null, 'estatal', 'medio', 'vigente_pendiente_revision', 'pending_review', true, false, null, '["igualdad","registro retributivo","laboral","transversal"]'::jsonb, '2026-05-06 17:40:19'::timestamptz, '2026-05-06 17:40:19'::timestamptz),
  ('base_obligation_registro_retributivo_talleres', 'talleres', 'Registro retributivo', 'Obligación de contar con registro retributivo conforme a la normativa de igualdad retributiva entre mujeres y hombres.', 'laboral_igualdad', 'Real Decreto 902/2020, de 13 de octubre, de igualdad retributiva entre mujeres y hombres', null, null, 'estatal', 'medio', 'vigente_pendiente_revision', 'pending_review', true, false, null, '["igualdad","registro retributivo","laboral","transversal"]'::jsonb, '2026-05-06 17:40:19'::timestamptz, '2026-05-06 17:40:19'::timestamptz),
  ('base_obligation_registro_retributivo_construccion', 'construccion', 'Registro retributivo', 'Obligación de contar con registro retributivo conforme a la normativa de igualdad retributiva entre mujeres y hombres.', 'laboral_igualdad', 'Real Decreto 902/2020, de 13 de octubre, de igualdad retributiva entre mujeres y hombres', null, null, 'estatal', 'medio', 'vigente_pendiente_revision', 'pending_review', true, false, null, '["igualdad","registro retributivo","laboral","transversal"]'::jsonb, '2026-05-06 17:40:19'::timestamptz, '2026-05-06 17:40:19'::timestamptz),
  ('base_obligation_registro_retributivo_transporte', 'transporte', 'Registro retributivo', 'Obligación de contar con registro retributivo conforme a la normativa de igualdad retributiva entre mujeres y hombres.', 'laboral_igualdad', 'Real Decreto 902/2020, de 13 de octubre, de igualdad retributiva entre mujeres y hombres', null, null, 'estatal', 'medio', 'vigente_pendiente_revision', 'pending_review', true, false, null, '["igualdad","registro retributivo","laboral","transversal"]'::jsonb, '2026-05-06 17:40:19'::timestamptz, '2026-05-06 17:40:19'::timestamptz),
  ('base_obligation_registro_retributivo_alimentacion', 'alimentacion', 'Registro retributivo', 'Obligación de contar con registro retributivo conforme a la normativa de igualdad retributiva entre mujeres y hombres.', 'laboral_igualdad', 'Real Decreto 902/2020, de 13 de octubre, de igualdad retributiva entre mujeres y hombres', null, null, 'estatal', 'medio', 'vigente_pendiente_revision', 'pending_review', true, false, null, '["igualdad","registro retributivo","laboral","transversal"]'::jsonb, '2026-05-06 17:40:19'::timestamptz, '2026-05-06 17:40:19'::timestamptz),
  ('base_obligation_registro_retributivo_clinicas_privadas', 'clinicas_privadas', 'Registro retributivo', 'Obligación de contar con registro retributivo conforme a la normativa de igualdad retributiva entre mujeres y hombres.', 'laboral_igualdad', 'Real Decreto 902/2020, de 13 de octubre, de igualdad retributiva entre mujeres y hombres', null, null, 'estatal', 'medio', 'vigente_pendiente_revision', 'pending_review', true, false, null, '["igualdad","registro retributivo","laboral","transversal"]'::jsonb, '2026-05-06 17:40:19'::timestamptz, '2026-05-06 17:40:19'::timestamptz),
  ('base_obligation_registro_retributivo_peluqueria_estetica', 'peluqueria_estetica', 'Registro retributivo', 'Obligación de contar con registro retributivo conforme a la normativa de igualdad retributiva entre mujeres y hombres.', 'laboral_igualdad', 'Real Decreto 902/2020, de 13 de octubre, de igualdad retributiva entre mujeres y hombres', null, null, 'estatal', 'medio', 'vigente_pendiente_revision', 'pending_review', true, false, null, '["igualdad","registro retributivo","laboral","transversal"]'::jsonb, '2026-05-06 17:40:19'::timestamptz, '2026-05-06 17:40:19'::timestamptz),
  ('base_obligation_protocolo_acoso_oficinas', 'oficinas', 'Medidas de prevención del acoso sexual y por razón de sexo', 'Las empresas deben promover condiciones de trabajo que eviten el acoso sexual y el acoso por razón de sexo, articulando procedimientos específicos para su prevención y denuncia.', 'laboral_igualdad', 'Ley Orgánica 3/2007, de 22 de marzo, artículo 48', null, null, 'estatal', 'alto', 'vigente_pendiente_revision', 'pending_review', true, false, null, '["igualdad","acoso","protocolo","laboral","transversal"]'::jsonb, '2026-05-06 17:40:19'::timestamptz, '2026-05-06 17:40:19'::timestamptz),
  ('base_obligation_protocolo_acoso_comercio', 'comercio', 'Medidas de prevención del acoso sexual y por razón de sexo', 'Las empresas deben promover condiciones de trabajo que eviten el acoso sexual y el acoso por razón de sexo, articulando procedimientos específicos para su prevención y denuncia.', 'laboral_igualdad', 'Ley Orgánica 3/2007, de 22 de marzo, artículo 48', null, null, 'estatal', 'alto', 'vigente_pendiente_revision', 'pending_review', true, false, null, '["igualdad","acoso","protocolo","laboral","transversal"]'::jsonb, '2026-05-06 17:40:19'::timestamptz, '2026-05-06 17:40:19'::timestamptz),
  ('base_obligation_protocolo_acoso_hosteleria', 'hosteleria', 'Medidas de prevención del acoso sexual y por razón de sexo', 'Las empresas deben promover condiciones de trabajo que eviten el acoso sexual y el acoso por razón de sexo, articulando procedimientos específicos para su prevención y denuncia.', 'laboral_igualdad', 'Ley Orgánica 3/2007, de 22 de marzo, artículo 48', null, null, 'estatal', 'alto', 'vigente_pendiente_revision', 'pending_review', true, false, null, '["igualdad","acoso","protocolo","laboral","transversal"]'::jsonb, '2026-05-06 17:40:19'::timestamptz, '2026-05-06 17:40:19'::timestamptz),
  ('base_obligation_protocolo_acoso_metal', 'metal', 'Medidas de prevención del acoso sexual y por razón de sexo', 'Las empresas deben promover condiciones de trabajo que eviten el acoso sexual y el acoso por razón de sexo, articulando procedimientos específicos para su prevención y denuncia.', 'laboral_igualdad', 'Ley Orgánica 3/2007, de 22 de marzo, artículo 48', null, null, 'estatal', 'alto', 'vigente_pendiente_revision', 'pending_review', true, false, null, '["igualdad","acoso","protocolo","laboral","transversal"]'::jsonb, '2026-05-06 17:40:19'::timestamptz, '2026-05-06 17:40:19'::timestamptz),
  ('base_obligation_protocolo_acoso_talleres', 'talleres', 'Medidas de prevención del acoso sexual y por razón de sexo', 'Las empresas deben promover condiciones de trabajo que eviten el acoso sexual y el acoso por razón de sexo, articulando procedimientos específicos para su prevención y denuncia.', 'laboral_igualdad', 'Ley Orgánica 3/2007, de 22 de marzo, artículo 48', null, null, 'estatal', 'alto', 'vigente_pendiente_revision', 'pending_review', true, false, null, '["igualdad","acoso","protocolo","laboral","transversal"]'::jsonb, '2026-05-06 17:40:19'::timestamptz, '2026-05-06 17:40:19'::timestamptz),
  ('base_obligation_protocolo_acoso_construccion', 'construccion', 'Medidas de prevención del acoso sexual y por razón de sexo', 'Las empresas deben promover condiciones de trabajo que eviten el acoso sexual y el acoso por razón de sexo, articulando procedimientos específicos para su prevención y denuncia.', 'laboral_igualdad', 'Ley Orgánica 3/2007, de 22 de marzo, artículo 48', null, null, 'estatal', 'alto', 'vigente_pendiente_revision', 'pending_review', true, false, null, '["igualdad","acoso","protocolo","laboral","transversal"]'::jsonb, '2026-05-06 17:40:19'::timestamptz, '2026-05-06 17:40:19'::timestamptz),
  ('base_obligation_protocolo_acoso_transporte', 'transporte', 'Medidas de prevención del acoso sexual y por razón de sexo', 'Las empresas deben promover condiciones de trabajo que eviten el acoso sexual y el acoso por razón de sexo, articulando procedimientos específicos para su prevención y denuncia.', 'laboral_igualdad', 'Ley Orgánica 3/2007, de 22 de marzo, artículo 48', null, null, 'estatal', 'alto', 'vigente_pendiente_revision', 'pending_review', true, false, null, '["igualdad","acoso","protocolo","laboral","transversal"]'::jsonb, '2026-05-06 17:40:19'::timestamptz, '2026-05-06 17:40:19'::timestamptz),
  ('base_obligation_protocolo_acoso_alimentacion', 'alimentacion', 'Medidas de prevención del acoso sexual y por razón de sexo', 'Las empresas deben promover condiciones de trabajo que eviten el acoso sexual y el acoso por razón de sexo, articulando procedimientos específicos para su prevención y denuncia.', 'laboral_igualdad', 'Ley Orgánica 3/2007, de 22 de marzo, artículo 48', null, null, 'estatal', 'alto', 'vigente_pendiente_revision', 'pending_review', true, false, null, '["igualdad","acoso","protocolo","laboral","transversal"]'::jsonb, '2026-05-06 17:40:19'::timestamptz, '2026-05-06 17:40:19'::timestamptz),
  ('base_obligation_protocolo_acoso_clinicas_privadas', 'clinicas_privadas', 'Medidas de prevención del acoso sexual y por razón de sexo', 'Las empresas deben promover condiciones de trabajo que eviten el acoso sexual y el acoso por razón de sexo, articulando procedimientos específicos para su prevención y denuncia.', 'laboral_igualdad', 'Ley Orgánica 3/2007, de 22 de marzo, artículo 48', null, null, 'estatal', 'alto', 'vigente_pendiente_revision', 'pending_review', true, false, null, '["igualdad","acoso","protocolo","laboral","transversal"]'::jsonb, '2026-05-06 17:40:19'::timestamptz, '2026-05-06 17:40:19'::timestamptz),
  ('base_obligation_protocolo_acoso_peluqueria_estetica', 'peluqueria_estetica', 'Medidas de prevención del acoso sexual y por razón de sexo', 'Las empresas deben promover condiciones de trabajo que eviten el acoso sexual y el acoso por razón de sexo, articulando procedimientos específicos para su prevención y denuncia.', 'laboral_igualdad', 'Ley Orgánica 3/2007, de 22 de marzo, artículo 48', null, null, 'estatal', 'alto', 'vigente_pendiente_revision', 'pending_review', true, false, null, '["igualdad","acoso","protocolo","laboral","transversal"]'::jsonb, '2026-05-06 17:40:19'::timestamptz, '2026-05-06 17:40:19'::timestamptz),
  ('base_obligation_proteccion_datos_oficinas', 'oficinas', 'Protección de datos personales', 'Obligación de cumplir la normativa de protección de datos personales en tratamientos de clientes, empleados, proveedores y usuarios.', 'proteccion_datos', 'Ley Orgánica 3/2018, de Protección de Datos Personales y garantía de los derechos digitales, y Reglamento (UE) 2016/679', null, null, 'estatal_ue', 'alto', 'vigente_pendiente_revision', 'pending_review', true, false, null, '["protección de datos","RGPD","LOPDGDD","transversal"]'::jsonb, '2026-05-06 17:40:19'::timestamptz, '2026-05-06 17:40:19'::timestamptz),
  ('base_obligation_proteccion_datos_comercio', 'comercio', 'Protección de datos personales', 'Obligación de cumplir la normativa de protección de datos personales en tratamientos de clientes, empleados, proveedores y usuarios.', 'proteccion_datos', 'Ley Orgánica 3/2018, de Protección de Datos Personales y garantía de los derechos digitales, y Reglamento (UE) 2016/679', null, null, 'estatal_ue', 'alto', 'vigente_pendiente_revision', 'pending_review', true, false, null, '["protección de datos","RGPD","LOPDGDD","transversal"]'::jsonb, '2026-05-06 17:40:19'::timestamptz, '2026-05-06 17:40:19'::timestamptz),
  ('base_obligation_proteccion_datos_hosteleria', 'hosteleria', 'Protección de datos personales', 'Obligación de cumplir la normativa de protección de datos personales en tratamientos de clientes, empleados, proveedores y usuarios.', 'proteccion_datos', 'Ley Orgánica 3/2018, de Protección de Datos Personales y garantía de los derechos digitales, y Reglamento (UE) 2016/679', null, null, 'estatal_ue', 'alto', 'vigente_pendiente_revision', 'pending_review', true, false, null, '["protección de datos","RGPD","LOPDGDD","transversal"]'::jsonb, '2026-05-06 17:40:19'::timestamptz, '2026-05-06 17:40:19'::timestamptz),
  ('base_obligation_proteccion_datos_metal', 'metal', 'Protección de datos personales', 'Obligación de cumplir la normativa de protección de datos personales en tratamientos de clientes, empleados, proveedores y usuarios.', 'proteccion_datos', 'Ley Orgánica 3/2018, de Protección de Datos Personales y garantía de los derechos digitales, y Reglamento (UE) 2016/679', null, null, 'estatal_ue', 'alto', 'vigente_pendiente_revision', 'pending_review', true, false, null, '["protección de datos","RGPD","LOPDGDD","transversal"]'::jsonb, '2026-05-06 17:40:19'::timestamptz, '2026-05-06 17:40:19'::timestamptz),
  ('base_obligation_proteccion_datos_talleres', 'talleres', 'Protección de datos personales', 'Obligación de cumplir la normativa de protección de datos personales en tratamientos de clientes, empleados, proveedores y usuarios.', 'proteccion_datos', 'Ley Orgánica 3/2018, de Protección de Datos Personales y garantía de los derechos digitales, y Reglamento (UE) 2016/679', null, null, 'estatal_ue', 'alto', 'vigente_pendiente_revision', 'pending_review', true, false, null, '["protección de datos","RGPD","LOPDGDD","transversal"]'::jsonb, '2026-05-06 17:40:19'::timestamptz, '2026-05-06 17:40:19'::timestamptz),
  ('base_obligation_proteccion_datos_construccion', 'construccion', 'Protección de datos personales', 'Obligación de cumplir la normativa de protección de datos personales en tratamientos de clientes, empleados, proveedores y usuarios.', 'proteccion_datos', 'Ley Orgánica 3/2018, de Protección de Datos Personales y garantía de los derechos digitales, y Reglamento (UE) 2016/679', null, null, 'estatal_ue', 'alto', 'vigente_pendiente_revision', 'pending_review', true, false, null, '["protección de datos","RGPD","LOPDGDD","transversal"]'::jsonb, '2026-05-06 17:40:19'::timestamptz, '2026-05-06 17:40:19'::timestamptz),
  ('base_obligation_proteccion_datos_transporte', 'transporte', 'Protección de datos personales', 'Obligación de cumplir la normativa de protección de datos personales en tratamientos de clientes, empleados, proveedores y usuarios.', 'proteccion_datos', 'Ley Orgánica 3/2018, de Protección de Datos Personales y garantía de los derechos digitales, y Reglamento (UE) 2016/679', null, null, 'estatal_ue', 'alto', 'vigente_pendiente_revision', 'pending_review', true, false, null, '["protección de datos","RGPD","LOPDGDD","transversal"]'::jsonb, '2026-05-06 17:40:19'::timestamptz, '2026-05-06 17:40:19'::timestamptz),
  ('base_obligation_proteccion_datos_alimentacion', 'alimentacion', 'Protección de datos personales', 'Obligación de cumplir la normativa de protección de datos personales en tratamientos de clientes, empleados, proveedores y usuarios.', 'proteccion_datos', 'Ley Orgánica 3/2018, de Protección de Datos Personales y garantía de los derechos digitales, y Reglamento (UE) 2016/679', null, null, 'estatal_ue', 'alto', 'vigente_pendiente_revision', 'pending_review', true, false, null, '["protección de datos","RGPD","LOPDGDD","transversal"]'::jsonb, '2026-05-06 17:40:19'::timestamptz, '2026-05-06 17:40:19'::timestamptz),
  ('base_obligation_proteccion_datos_clinicas_privadas', 'clinicas_privadas', 'Protección de datos personales', 'Obligación de cumplir la normativa de protección de datos personales en tratamientos de clientes, empleados, proveedores y usuarios.', 'proteccion_datos', 'Ley Orgánica 3/2018, de Protección de Datos Personales y garantía de los derechos digitales, y Reglamento (UE) 2016/679', null, null, 'estatal_ue', 'alto', 'vigente_pendiente_revision', 'pending_review', true, false, null, '["protección de datos","RGPD","LOPDGDD","transversal"]'::jsonb, '2026-05-06 17:40:19'::timestamptz, '2026-05-06 17:40:19'::timestamptz),
  ('base_obligation_proteccion_datos_peluqueria_estetica', 'peluqueria_estetica', 'Protección de datos personales', 'Obligación de cumplir la normativa de protección de datos personales en tratamientos de clientes, empleados, proveedores y usuarios.', 'proteccion_datos', 'Ley Orgánica 3/2018, de Protección de Datos Personales y garantía de los derechos digitales, y Reglamento (UE) 2016/679', null, null, 'estatal_ue', 'alto', 'vigente_pendiente_revision', 'pending_review', true, false, null, '["protección de datos","RGPD","LOPDGDD","transversal"]'::jsonb, '2026-05-06 17:40:19'::timestamptz, '2026-05-06 17:40:19'::timestamptz),
  ('base_obligation_consumidores_usuarios_comercio', 'comercio', 'Obligaciones básicas frente a consumidores y usuarios', 'Las empresas que contratan con consumidores deben respetar la normativa general de defensa de consumidores y usuarios, información contractual y garantías.', 'consumo', 'Real Decreto Legislativo 1/2007, de 16 de noviembre', null, null, 'estatal', 'medio', 'vigente_pendiente_revision', 'pending_review', true, false, null, '["consumo","comercio","clientes","garantías"]'::jsonb, '2026-05-06 17:40:19'::timestamptz, '2026-05-06 17:40:19'::timestamptz),
  ('base_obligation_consumidores_usuarios_hosteleria', 'hosteleria', 'Obligaciones básicas frente a consumidores y usuarios', 'Las empresas que contratan con consumidores deben respetar la normativa general de defensa de consumidores y usuarios, información contractual y garantías.', 'consumo', 'Real Decreto Legislativo 1/2007, de 16 de noviembre', null, null, 'estatal', 'medio', 'vigente_pendiente_revision', 'pending_review', true, false, null, '["consumo","comercio","clientes","garantías"]'::jsonb, '2026-05-06 17:40:19'::timestamptz, '2026-05-06 17:40:19'::timestamptz),
  ('base_obligation_consumidores_usuarios_clinicas_privadas', 'clinicas_privadas', 'Obligaciones básicas frente a consumidores y usuarios', 'Las empresas que contratan con consumidores deben respetar la normativa general de defensa de consumidores y usuarios, información contractual y garantías.', 'consumo', 'Real Decreto Legislativo 1/2007, de 16 de noviembre', null, null, 'estatal', 'medio', 'vigente_pendiente_revision', 'pending_review', true, false, null, '["consumo","comercio","clientes","garantías"]'::jsonb, '2026-05-06 17:40:19'::timestamptz, '2026-05-06 17:40:19'::timestamptz),
  ('base_obligation_consumidores_usuarios_peluqueria_estetica', 'peluqueria_estetica', 'Obligaciones básicas frente a consumidores y usuarios', 'Las empresas que contratan con consumidores deben respetar la normativa general de defensa de consumidores y usuarios, información contractual y garantías.', 'consumo', 'Real Decreto Legislativo 1/2007, de 16 de noviembre', null, null, 'estatal', 'medio', 'vigente_pendiente_revision', 'pending_review', true, false, null, '["consumo","comercio","clientes","garantías"]'::jsonb, '2026-05-06 17:40:19'::timestamptz, '2026-05-06 17:40:19'::timestamptz),
  ('base_obligation_consumidores_usuarios_alimentacion', 'alimentacion', 'Obligaciones básicas frente a consumidores y usuarios', 'Las empresas que contratan con consumidores deben respetar la normativa general de defensa de consumidores y usuarios, información contractual y garantías.', 'consumo', 'Real Decreto Legislativo 1/2007, de 16 de noviembre', null, null, 'estatal', 'medio', 'vigente_pendiente_revision', 'pending_review', true, false, null, '["consumo","comercio","clientes","garantías"]'::jsonb, '2026-05-06 17:40:19'::timestamptz, '2026-05-06 17:40:19'::timestamptz),
  ('base_obligation_higiene_alimentaria_minorista_hosteleria', 'hosteleria', 'Higiene alimentaria en comercio minorista y hostelería', 'Obligaciones de higiene en la producción y comercialización de productos alimenticios en establecimientos de comercio al por menor y actividades relacionadas.', 'seguridad_alimentaria', 'Real Decreto 1021/2022, de 13 de diciembre', null, null, 'estatal', 'alto', 'vigente_pendiente_revision', 'pending_review', true, false, null, '["seguridad alimentaria","higiene","hostelería","alimentación"]'::jsonb, '2026-05-06 17:40:19'::timestamptz, '2026-05-06 17:40:19'::timestamptz),
  ('base_obligation_higiene_alimentaria_minorista_alimentacion', 'alimentacion', 'Higiene alimentaria en comercio minorista y hostelería', 'Obligaciones de higiene en la producción y comercialización de productos alimenticios en establecimientos de comercio al por menor y actividades relacionadas.', 'seguridad_alimentaria', 'Real Decreto 1021/2022, de 13 de diciembre', null, null, 'estatal', 'alto', 'vigente_pendiente_revision', 'pending_review', true, false, null, '["seguridad alimentaria","higiene","hostelería","alimentación"]'::jsonb, '2026-05-06 17:40:19'::timestamptz, '2026-05-06 17:40:19'::timestamptz),
  ('base_obligation_appcc_higiene_alimentos_hosteleria', 'hosteleria', 'APPCC, higiene alimentaria y sistema de autocontrol', 'Los operadores de empresa alimentaria deben cumplir requisitos de higiene alimentaria, autocontrol y colaboración con autoridades competentes.', 'seguridad_alimentaria', 'Reglamento (CE) nº 852/2004 relativo a la higiene de los productos alimenticios', null, null, 'ue', 'alto', 'vigente_pendiente_revision', 'pending_review', true, false, null, '["APPCC","higiene alimentaria","autocontrol","alérgenos"]'::jsonb, '2026-05-06 17:40:19'::timestamptz, '2026-05-06 17:40:19'::timestamptz),
  ('base_obligation_appcc_higiene_alimentos_alimentacion', 'alimentacion', 'APPCC, higiene alimentaria y sistema de autocontrol', 'Los operadores de empresa alimentaria deben cumplir requisitos de higiene alimentaria, autocontrol y colaboración con autoridades competentes.', 'seguridad_alimentaria', 'Reglamento (CE) nº 852/2004 relativo a la higiene de los productos alimenticios', null, null, 'ue', 'alto', 'vigente_pendiente_revision', 'pending_review', true, false, null, '["APPCC","higiene alimentaria","autocontrol","alérgenos"]'::jsonb, '2026-05-06 17:40:19'::timestamptz, '2026-05-06 17:40:19'::timestamptz),
  ('base_obligation_equipos_trabajo_metal', 'metal', 'Seguridad en equipos de trabajo y maquinaria', 'El empresario debe adoptar medidas para que los equipos de trabajo sean adecuados, seguros, mantenidos y utilizados conforme a las condiciones preventivas aplicables.', 'laboral_prl', 'Real Decreto 1215/1997, de 18 de julio', null, null, 'estatal', 'alto', 'vigente_pendiente_revision', 'pending_review', true, false, null, '["maquinaria","equipos de trabajo","PRL","seguridad"]'::jsonb, '2026-05-06 17:40:19'::timestamptz, '2026-05-06 17:40:19'::timestamptz),
  ('base_obligation_equipos_trabajo_talleres', 'talleres', 'Seguridad en equipos de trabajo y maquinaria', 'El empresario debe adoptar medidas para que los equipos de trabajo sean adecuados, seguros, mantenidos y utilizados conforme a las condiciones preventivas aplicables.', 'laboral_prl', 'Real Decreto 1215/1997, de 18 de julio', null, null, 'estatal', 'alto', 'vigente_pendiente_revision', 'pending_review', true, false, null, '["maquinaria","equipos de trabajo","PRL","seguridad"]'::jsonb, '2026-05-06 17:40:19'::timestamptz, '2026-05-06 17:40:19'::timestamptz),
  ('base_obligation_equipos_trabajo_construccion', 'construccion', 'Seguridad en equipos de trabajo y maquinaria', 'El empresario debe adoptar medidas para que los equipos de trabajo sean adecuados, seguros, mantenidos y utilizados conforme a las condiciones preventivas aplicables.', 'laboral_prl', 'Real Decreto 1215/1997, de 18 de julio', null, null, 'estatal', 'alto', 'vigente_pendiente_revision', 'pending_review', true, false, null, '["maquinaria","equipos de trabajo","PRL","seguridad"]'::jsonb, '2026-05-06 17:40:19'::timestamptz, '2026-05-06 17:40:19'::timestamptz),
  ('base_obligation_equipos_trabajo_alimentacion', 'alimentacion', 'Seguridad en equipos de trabajo y maquinaria', 'El empresario debe adoptar medidas para que los equipos de trabajo sean adecuados, seguros, mantenidos y utilizados conforme a las condiciones preventivas aplicables.', 'laboral_prl', 'Real Decreto 1215/1997, de 18 de julio', null, null, 'estatal', 'alto', 'vigente_pendiente_revision', 'pending_review', true, false, null, '["maquinaria","equipos de trabajo","PRL","seguridad"]'::jsonb, '2026-05-06 17:40:19'::timestamptz, '2026-05-06 17:40:19'::timestamptz),
  ('base_obligation_equipos_trabajo_hosteleria', 'hosteleria', 'Seguridad en equipos de trabajo y maquinaria', 'El empresario debe adoptar medidas para que los equipos de trabajo sean adecuados, seguros, mantenidos y utilizados conforme a las condiciones preventivas aplicables.', 'laboral_prl', 'Real Decreto 1215/1997, de 18 de julio', null, null, 'estatal', 'alto', 'vigente_pendiente_revision', 'pending_review', true, false, null, '["maquinaria","equipos de trabajo","PRL","seguridad"]'::jsonb, '2026-05-06 17:40:19'::timestamptz, '2026-05-06 17:40:19'::timestamptz),
  ('base_obligation_residuos_envases_comercio', 'comercio', 'Gestión de envases y residuos de envases', 'Obligaciones relacionadas con la prevención y gestión de envases y residuos de envases, especialmente para actividades que ponen productos en el mercado o gestionan envases.', 'medioambiental', 'Real Decreto 1055/2022, de 27 de diciembre, de envases y residuos de envases', null, null, 'estatal', 'medio', 'vigente_pendiente_revision', 'pending_review', true, false, null, '["residuos","envases","medio ambiente","comercio"]'::jsonb, '2026-05-06 17:40:19'::timestamptz, '2026-05-06 17:40:19'::timestamptz),
  ('base_obligation_residuos_envases_hosteleria', 'hosteleria', 'Gestión de envases y residuos de envases', 'Obligaciones relacionadas con la prevención y gestión de envases y residuos de envases, especialmente para actividades que ponen productos en el mercado o gestionan envases.', 'medioambiental', 'Real Decreto 1055/2022, de 27 de diciembre, de envases y residuos de envases', null, null, 'estatal', 'medio', 'vigente_pendiente_revision', 'pending_review', true, false, null, '["residuos","envases","medio ambiente","comercio"]'::jsonb, '2026-05-06 17:40:19'::timestamptz, '2026-05-06 17:40:19'::timestamptz),
  ('base_obligation_residuos_envases_alimentacion', 'alimentacion', 'Gestión de envases y residuos de envases', 'Obligaciones relacionadas con la prevención y gestión de envases y residuos de envases, especialmente para actividades que ponen productos en el mercado o gestionan envases.', 'medioambiental', 'Real Decreto 1055/2022, de 27 de diciembre, de envases y residuos de envases', null, null, 'estatal', 'medio', 'vigente_pendiente_revision', 'pending_review', true, false, null, '["residuos","envases","medio ambiente","comercio"]'::jsonb, '2026-05-06 17:40:19'::timestamptz, '2026-05-06 17:40:19'::timestamptz),
  ('base_obligation_residuos_envases_talleres', 'talleres', 'Gestión de envases y residuos de envases', 'Obligaciones relacionadas con la prevención y gestión de envases y residuos de envases, especialmente para actividades que ponen productos en el mercado o gestionan envases.', 'medioambiental', 'Real Decreto 1055/2022, de 27 de diciembre, de envases y residuos de envases', null, null, 'estatal', 'medio', 'vigente_pendiente_revision', 'pending_review', true, false, null, '["residuos","envases","medio ambiente","comercio"]'::jsonb, '2026-05-06 17:40:19'::timestamptz, '2026-05-06 17:40:19'::timestamptz),
  ('base_obligation_residuos_envases_metal', 'metal', 'Gestión de envases y residuos de envases', 'Obligaciones relacionadas con la prevención y gestión de envases y residuos de envases, especialmente para actividades que ponen productos en el mercado o gestionan envases.', 'medioambiental', 'Real Decreto 1055/2022, de 27 de diciembre, de envases y residuos de envases', null, null, 'estatal', 'medio', 'vigente_pendiente_revision', 'pending_review', true, false, null, '["residuos","envases","medio ambiente","comercio"]'::jsonb, '2026-05-06 17:40:19'::timestamptz, '2026-05-06 17:40:19'::timestamptz),
  ('base_obligation_residuos_general_talleres', 'talleres', 'Gestión de residuos y economía circular', 'Obligaciones generales en materia de residuos y suelos contaminados, aplicables a actividades generadoras o gestoras de residuos.', 'medioambiental', 'Ley 7/2022, de 8 de abril, de residuos y suelos contaminados para una economía circular', null, null, 'estatal', 'alto', 'vigente_pendiente_revision', 'pending_review', true, false, null, '["residuos","medio ambiente","economía circular","talleres"]'::jsonb, '2026-05-06 17:40:19'::timestamptz, '2026-05-06 17:40:19'::timestamptz),
  ('base_obligation_residuos_general_metal', 'metal', 'Gestión de residuos y economía circular', 'Obligaciones generales en materia de residuos y suelos contaminados, aplicables a actividades generadoras o gestoras de residuos.', 'medioambiental', 'Ley 7/2022, de 8 de abril, de residuos y suelos contaminados para una economía circular', null, null, 'estatal', 'alto', 'vigente_pendiente_revision', 'pending_review', true, false, null, '["residuos","medio ambiente","economía circular","talleres"]'::jsonb, '2026-05-06 17:40:19'::timestamptz, '2026-05-06 17:40:19'::timestamptz),
  ('base_obligation_residuos_general_construccion', 'construccion', 'Gestión de residuos y economía circular', 'Obligaciones generales en materia de residuos y suelos contaminados, aplicables a actividades generadoras o gestoras de residuos.', 'medioambiental', 'Ley 7/2022, de 8 de abril, de residuos y suelos contaminados para una economía circular', null, null, 'estatal', 'alto', 'vigente_pendiente_revision', 'pending_review', true, false, null, '["residuos","medio ambiente","economía circular","talleres"]'::jsonb, '2026-05-06 17:40:19'::timestamptz, '2026-05-06 17:40:19'::timestamptz),
  ('base_obligation_residuos_general_hosteleria', 'hosteleria', 'Gestión de residuos y economía circular', 'Obligaciones generales en materia de residuos y suelos contaminados, aplicables a actividades generadoras o gestoras de residuos.', 'medioambiental', 'Ley 7/2022, de 8 de abril, de residuos y suelos contaminados para una economía circular', null, null, 'estatal', 'alto', 'vigente_pendiente_revision', 'pending_review', true, false, null, '["residuos","medio ambiente","economía circular","talleres"]'::jsonb, '2026-05-06 17:40:19'::timestamptz, '2026-05-06 17:40:19'::timestamptz),
  ('base_obligation_residuos_general_alimentacion', 'alimentacion', 'Gestión de residuos y economía circular', 'Obligaciones generales en materia de residuos y suelos contaminados, aplicables a actividades generadoras o gestoras de residuos.', 'medioambiental', 'Ley 7/2022, de 8 de abril, de residuos y suelos contaminados para una economía circular', null, null, 'estatal', 'alto', 'vigente_pendiente_revision', 'pending_review', true, false, null, '["residuos","medio ambiente","economía circular","talleres"]'::jsonb, '2026-05-06 17:40:19'::timestamptz, '2026-05-06 17:40:19'::timestamptz),
  ('base_obligation_residuos_general_comercio', 'comercio', 'Gestión de residuos y economía circular', 'Obligaciones generales en materia de residuos y suelos contaminados, aplicables a actividades generadoras o gestoras de residuos.', 'medioambiental', 'Ley 7/2022, de 8 de abril, de residuos y suelos contaminados para una economía circular', null, null, 'estatal', 'alto', 'vigente_pendiente_revision', 'pending_review', true, false, null, '["residuos","medio ambiente","economía circular","talleres"]'::jsonb, '2026-05-06 17:40:19'::timestamptz, '2026-05-06 17:40:19'::timestamptz),
  ('base_obligation_tacografo_transporte_transporte', 'transporte', 'Tacógrafo, tiempos de conducción y descanso', 'Obligaciones vinculadas al uso del tacógrafo y al cumplimiento de tiempos de conducción, pausas y descanso en transporte por carretera cuando resulte aplicable.', 'transporte', 'Reglamento (UE) nº 165/2014 y Reglamento (CE) nº 561/2006', null, null, 'ue_estatal', 'alto', 'vigente_pendiente_revision', 'pending_review', true, false, null, '["transporte","tacógrafo","conducción","descanso"]'::jsonb, '2026-05-06 17:40:19'::timestamptz, '2026-05-06 17:40:19'::timestamptz),
  ('base_obligation_formacion_manipuladores_alimentos_hosteleria', 'hosteleria', 'Formación de manipuladores de alimentos', 'Los operadores de empresa alimentaria deben garantizar que el personal manipulador de alimentos recibe formación o instrucción adecuada en higiene alimentaria, adaptada a su actividad laboral y puesto de trabajo.', 'seguridad_alimentaria_formacion', 'Reglamento (CE) nº 852/2004 relativo a la higiene de los productos alimenticios; criterios AESAN sobre formación en higiene alimentaria', null, null, 'ue_estatal', 'alto', 'vigente_pendiente_revision', 'pending_review', true, false, null, '["manipulador de alimentos","carnet manipulador alimentos","formación manipulador alimentos","formación alimentaria","higiene alimentaria","hostelería","alimentación","APPCC"]'::jsonb, '2026-05-06 17:40:19'::timestamptz, '2026-05-06 17:40:19'::timestamptz),
  ('base_obligation_formacion_manipuladores_alimentos_alimentacion', 'alimentacion', 'Formación de manipuladores de alimentos', 'Los operadores de empresa alimentaria deben garantizar que el personal manipulador de alimentos recibe formación o instrucción adecuada en higiene alimentaria, adaptada a su actividad laboral y puesto de trabajo.', 'seguridad_alimentaria_formacion', 'Reglamento (CE) nº 852/2004 relativo a la higiene de los productos alimenticios; criterios AESAN sobre formación en higiene alimentaria', null, null, 'ue_estatal', 'alto', 'vigente_pendiente_revision', 'pending_review', true, false, null, '["manipulador de alimentos","carnet manipulador alimentos","formación manipulador alimentos","formación alimentaria","higiene alimentaria","hostelería","alimentación","APPCC"]'::jsonb, '2026-05-06 17:40:19'::timestamptz, '2026-05-06 17:40:19'::timestamptz),
  ('base_obligation_formacion_manipuladores_alto_riesgo_hosteleria', 'hosteleria', 'Formación de manipuladores de alimentos en actividades de alto riesgo', 'En actividades con mayor riesgo alimentario, la formación del personal manipulador debe estar especialmente adaptada a los procesos, productos, temperaturas, contaminación cruzada, conservación y autocontrol aplicables. Este registro se refiere a formación acreditable, no necesariamente a un carnet oficial único.', 'seguridad_alimentaria_formacion', 'Reglamento (CE) nº 852/2004 relativo a la higiene de los productos alimenticios; Real Decreto 1021/2022, de 13 de diciembre', null, null, 'ue_estatal', 'alto', 'vigente_pendiente_revision', 'pending_review', true, false, null, '["alto riesgo alimentario","manipulador de alimentos","carnet manipulador alimentos alto riesgo","formación manipulador alimentos alto riesgo","formación acreditable","APPCC","contaminación cruzada","conservación de alimentos","temperaturas","hostelería","alimentación"]'::jsonb, '2026-05-06 17:40:19'::timestamptz, '2026-05-06 17:40:19'::timestamptz),
  ('base_obligation_formacion_manipuladores_alto_riesgo_alimentacion', 'alimentacion', 'Formación de manipuladores de alimentos en actividades de alto riesgo', 'En actividades con mayor riesgo alimentario, la formación del personal manipulador debe estar especialmente adaptada a los procesos, productos, temperaturas, contaminación cruzada, conservación y autocontrol aplicables. Este registro se refiere a formación acreditable, no necesariamente a un carnet oficial único.', 'seguridad_alimentaria_formacion', 'Reglamento (CE) nº 852/2004 relativo a la higiene de los productos alimenticios; Real Decreto 1021/2022, de 13 de diciembre', null, null, 'ue_estatal', 'alto', 'vigente_pendiente_revision', 'pending_review', true, false, null, '["alto riesgo alimentario","manipulador de alimentos","carnet manipulador alimentos alto riesgo","formación manipulador alimentos alto riesgo","formación acreditable","APPCC","contaminación cruzada","conservación de alimentos","temperaturas","hostelería","alimentación"]'::jsonb, '2026-05-06 17:40:19'::timestamptz, '2026-05-06 17:40:19'::timestamptz),
  ('base_obligation_seguridad_alimentaria_general_hosteleria', 'hosteleria', 'Seguridad alimentaria y nutrición', 'Las empresas alimentarias deben cumplir las obligaciones generales de seguridad alimentaria, trazabilidad, control de riesgos y protección de la salud de las personas consumidoras dentro de su actividad.', 'seguridad_alimentaria', 'Ley 17/2011, de 5 de julio, de seguridad alimentaria y nutrición', null, null, 'estatal', 'alto', 'vigente_pendiente_revision', 'pending_review', true, false, null, '["seguridad alimentaria","seguridad alimentaria y nutrición","trazabilidad","salud pública","control alimentario","alimentación","hostelería","comercio alimentario"]'::jsonb, '2026-05-06 17:40:19'::timestamptz, '2026-05-06 17:40:19'::timestamptz),
  ('base_obligation_seguridad_alimentaria_general_alimentacion', 'alimentacion', 'Seguridad alimentaria y nutrición', 'Las empresas alimentarias deben cumplir las obligaciones generales de seguridad alimentaria, trazabilidad, control de riesgos y protección de la salud de las personas consumidoras dentro de su actividad.', 'seguridad_alimentaria', 'Ley 17/2011, de 5 de julio, de seguridad alimentaria y nutrición', null, null, 'estatal', 'alto', 'vigente_pendiente_revision', 'pending_review', true, false, null, '["seguridad alimentaria","seguridad alimentaria y nutrición","trazabilidad","salud pública","control alimentario","alimentación","hostelería","comercio alimentario"]'::jsonb, '2026-05-06 17:40:19'::timestamptz, '2026-05-06 17:40:19'::timestamptz),
  ('base_obligation_desperdicio_alimentario_hosteleria', 'hosteleria', 'Prevención de pérdidas y desperdicio alimentario', 'Los agentes de la cadena alimentaria deben aplicar medidas de prevención y reducción de pérdidas y desperdicio alimentario, conforme a la jerarquía de prioridades y obligaciones que resulten aplicables según actividad y tamaño.', 'sostenibilidad_alimentaria', 'Ley 1/2025, de 1 de abril, de prevención de las pérdidas y el desperdicio alimentario', null, null, 'estatal', 'medio', 'vigente_pendiente_revision', 'pending_review', true, false, null, '["desperdicio alimentario","prevención desperdicio alimentario","pérdidas alimentarias","sostenibilidad alimentaria","donación de alimentos","residuos alimentarios","hostelería","alimentación","comercio"]'::jsonb, '2026-05-06 17:40:19'::timestamptz, '2026-05-06 17:40:19'::timestamptz),
  ('base_obligation_desperdicio_alimentario_alimentacion', 'alimentacion', 'Prevención de pérdidas y desperdicio alimentario', 'Los agentes de la cadena alimentaria deben aplicar medidas de prevención y reducción de pérdidas y desperdicio alimentario, conforme a la jerarquía de prioridades y obligaciones que resulten aplicables según actividad y tamaño.', 'sostenibilidad_alimentaria', 'Ley 1/2025, de 1 de abril, de prevención de las pérdidas y el desperdicio alimentario', null, null, 'estatal', 'medio', 'vigente_pendiente_revision', 'pending_review', true, false, null, '["desperdicio alimentario","prevención desperdicio alimentario","pérdidas alimentarias","sostenibilidad alimentaria","donación de alimentos","residuos alimentarios","hostelería","alimentación","comercio"]'::jsonb, '2026-05-06 17:40:19'::timestamptz, '2026-05-06 17:40:19'::timestamptz)
on conflict (id) do nothing;

insert into public.aid_items (id, aid_type, title, summary, source_name, source_url, official_reference, official_published_at, territory, territory_name, deadline_at, deadline_label, amount_summary, recommended_action, request_type, business_fit_score, match_confidence, affected_sectors_json, affected_tags_json, affected_cnaes_json, requirements_json, review_status, needs_human_review, publish_to_client, data_quality_warning, created_at, updated_at) values
  ('aid_test_digitalizacion_001', 'subvencion', 'Ayuda de prueba para digitalización de pymes', 'Registro de prueba para validar el módulo de ayudas y subvenciones de Radar Gestión. No debe comunicarse al cliente hasta ser sustituido por una ayuda real verificada con fuente oficial.', 'Fuente oficial pendiente de verificación', '', 'TEST-AID-001', null, 'nacional', 'España', null, 'Plazo pendiente de confirmar', 'Cuantía pendiente de confirmar', 'Validar fuente oficial, plazo, cuantía y requisitos antes de comunicar esta oportunidad a clientes.', 'TRAMITACION_AYUDA_SUBVENCION', 5, 0.5, '["Digitalización","Pymes","Autónomos"]'::jsonb, '["prueba","digitalización","subvención"]'::jsonb, '[]'::jsonb, '["Registro creado únicamente para validación interna del módulo.","Requiere sustitución por una ayuda real con fuente oficial verificada."]'::jsonb, 'pending_review', true, false, true, '2026-05-06 14:07:22'::timestamptz, '2026-05-06 14:07:22'::timestamptz),
  ('aid_base_contrato_formacion_alternancia', 'incentivo_formacion_contratacion', 'Contrato de formación en alternancia', 'Oportunidad vinculada a contratos de formación en alternancia, con posibles bonificaciones e incentivos asociados a costes de formación y tutorización conforme a la normativa aplicable y a las condiciones vigentes en cada momento.', 'Servicio Público de Empleo Estatal / SEPE', 'https://www.sepe.es/HomeSepe/empresas/Contratos-de-trabajo/contratacion-formacion-alternancia.html', null, null, 'estatal', 'España', null, 'Plazo y condiciones pendientes de revisión oficial', 'Importes/bonificaciones pendientes de revisión oficial', null, 'BONIFICACION_INCENTIVO_CONTRATACION', null, null, null, '["contrato formación alternancia","formación bonificada","bonificación contratación","tutorización","SEPE","formación y empleo","pymes"]'::jsonb, null, null, 'pending_review', true, false, true, '2026-05-06 17:40:21'::timestamptz, '2026-05-06 17:40:21'::timestamptz),
  ('aid_base_kit_digital', 'ayuda_subvencion_digitalizacion', 'Kit Digital', 'Programa de ayudas para la digitalización de pequeñas empresas, microempresas, pymes y personas en situación de autoempleo mediante el bono digital, sujeto a bases reguladoras, convocatorias, segmentos y modificaciones vigentes.', 'BOE / Programa Kit Digital', 'https://www.boe.es/buscar/doc.php?id=BOE-A-2021-21873', null, null, 'estatal', 'España', null, 'Convocatoria/plazo pendiente de revisión oficial', 'Cuantía pendiente de revisión oficial según segmento y convocatoria', null, 'TRAMITACION_AYUDA_SUBVENCION', null, null, null, '["Kit Digital","bono digital","digitalización","pymes","autónomos","Next Generation EU","ayudas digitalización","transformación digital"]'::jsonb, null, null, 'pending_review', true, false, true, '2026-05-06 17:40:21'::timestamptz, '2026-05-06 17:40:21'::timestamptz)
on conflict (id) do nothing;

insert into public.radar_items (id, tenant_id, title, source_name, source_url, document_type, category, territory, published_at, review_status, needs_human_review, publish_to_client, created_at, updated_at) values
  ('jbeovc1id8ol4kbr7bvuo', null, 'Anuncio del Ayuntamiento de Torrent sobre aprobación definitiva de la ordenanza reguladora de la administración electrónica', 'Boletín Oficial de la Provincia de Valencia', 'https://bop.dival.es/bop/drvisapi.dll', 'Anuncio', 'Normativa de obligado cumplimiento; Anuncio administrativo', 'Provincia de Valencia', '2024-05-07'::timestamptz, 'pending_review', true, false, '2026-05-05 15:01:18'::timestamptz, '2026-05-05 15:01:18'::timestamptz)
on conflict (id) do nothing;

insert into public.client_publication_packages (id, tenant_id, client_id, client_name, sector_key, package_type, title, summary, package_status, review_status, needs_human_review, publish_to_client, client_publish_status, data_quality_warning, total_items, total_compliance_items, total_aid_items, total_radar_items, created_at, updated_at, approved_at, approved_by, published_at, published_by, notes) values
  ('j5fotye7bzqmqsl67dao5k', 'default', 'transportes_levante', 'Transportes Levante SL', 'transporte', 'base_sector_package_v1', 'Paquete Normativo y de Ayudas', 'Paquete base recomendado', 'published', 'approved', false, true, 'published', true, 8, 6, 2, 0, '2026-05-07 18:30:15'::timestamptz, '2026-05-07 18:30:28'::timestamptz, '2026-05-07 18:30:28'::timestamptz, 'gestor_demo', '2026-05-07 18:30:28'::timestamptz, 'gestor_demo', null),
  ('hsc4tgy50msbz7s3xvsmn7', 'default', 'clinica_dental', 'Clínica Dental Sonrisas', 'clinicas_privadas', 'base_sector_package_v1', 'Paquete Normativo y de Ayudas', 'Paquete base recomendado', 'published', 'approved', false, true, 'published', true, 8, 6, 2, 0, '2026-05-08 17:43:19'::timestamptz, '2026-05-08 17:43:31'::timestamptz, '2026-05-08 17:43:31'::timestamptz, 'gestor_demo', '2026-05-08 17:43:31'::timestamptz, 'gestor_demo', null),
  ('515j0rk3e7pkb1pfm8laa', 'default', 'inmobiliaria_turia', 'Inmobiliaria Turia', 'oficinas', 'base_sector_package_v1', 'Paquete Normativo y de Ayudas', 'Paquete base recomendado', 'published', 'approved', false, true, 'published', true, 7, 5, 2, 0, '2026-05-08 18:26:14'::timestamptz, '2026-05-08 20:01:03'::timestamptz, '2026-05-08 20:01:03'::timestamptz, 'gestor_demo', '2026-05-08 20:01:03'::timestamptz, 'gestor_demo', null),
  ('lmaq9r54ryf6r5bhd8xa15', 'default', 'industrias_metalurgicas_turia', 'Industrias Metalúrgicas Turia', 'metal', 'base_sector_package_v1', 'Paquete Normativo y de Ayudas', 'Paquete base recomendado', 'published', 'approved', false, true, 'published', true, 10, 8, 2, 0, '2026-05-09 12:35:48'::timestamptz, '2026-05-09 12:37:45'::timestamptz, '2026-05-09 12:37:45'::timestamptz, 'gestor_demo', '2026-05-09 12:37:45'::timestamptz, 'gestor_demo', null)
on conflict (id) do nothing;

insert into public.client_publication_package_items (id, package_id, tenant_id, client_id, source_type, source_id, sector_key, title, summary, item_type, obligation_type, request_type, risk_level, territory, source_name, source_url, legal_reference, amount_summary, deadline_label, eligibility_summary, tags_json, confidence_level, include_in_package, review_status, needs_human_review, publish_to_client, client_publish_status, data_quality_warning, display_order, created_at, updated_at) values
  ('q9rj5fv1vgj0a7rqmtu1sr', 'j5fotye7bzqmqsl67dao5k', 'default', 'transportes_levante', 'compliance_obligation', 'base_obligation_prl_general_transporte', 'transporte', 'Prevención de riesgos laborales', 'Obligación general de integrar la prevención de riesgos laborales en la empresa y proteger la seguridad y salud de las personas trabajadoras.', 'laboral_prl', 'laboral_prl', null, 'alto', 'estatal', null, null, 'Ley 31/1995, de 8 de noviembre, de Prevención de Riesgos Laborales', null, null, null, '["laboral","prevención de riesgos","PRL","transversal"]'::jsonb, null, true, 'approved', false, true, 'published', true, null, '2026-05-07 18:30:18'::timestamptz, '2026-05-07 18:30:28'::timestamptz),
  ('o10m8fkk22ma13v106894v', 'j5fotye7bzqmqsl67dao5k', 'default', 'transportes_levante', 'compliance_obligation', 'base_obligation_registro_jornada_transporte', 'transporte', 'Registro diario de jornada', 'La empresa debe garantizar el registro diario de jornada, incluyendo horario concreto de inicio y finalización de la jornada de cada persona trabajadora.', 'laboral', 'laboral', null, 'alto', 'estatal', null, null, 'Real Decreto-ley 8/2019, de 8 de marzo, modificación del artículo 34.9 del Estatuto de los Trabajadores', null, null, null, '["laboral","registro horario","jornada","transversal"]'::jsonb, null, true, 'approved', false, true, 'published', true, null, '2026-05-07 18:30:18'::timestamptz, '2026-05-07 18:30:28'::timestamptz),
  ('z9t1bwfi85nq4spe6420m', 'j5fotye7bzqmqsl67dao5k', 'default', 'transportes_levante', 'compliance_obligation', 'base_obligation_registro_retributivo_transporte', 'transporte', 'Registro retributivo', 'Obligación de contar con registro retributivo conforme a la normativa de igualdad retributiva entre mujeres y hombres.', 'laboral_igualdad', 'laboral_igualdad', null, 'medio', 'estatal', null, null, 'Real Decreto 902/2020, de 13 de octubre, de igualdad retributiva entre mujeres y hombres', null, null, null, '["igualdad","registro retributivo","laboral","transversal"]'::jsonb, null, true, 'approved', false, true, 'published', true, null, '2026-05-07 18:30:18'::timestamptz, '2026-05-07 18:30:28'::timestamptz),
  ('1ar44l41q7u8caxriszw2v', 'j5fotye7bzqmqsl67dao5k', 'default', 'transportes_levante', 'compliance_obligation', 'base_obligation_protocolo_acoso_transporte', 'transporte', 'Medidas de prevención del acoso sexual y por razón de sexo', 'Las empresas deben promover condiciones de trabajo que eviten el acoso sexual y el acoso por razón de sexo, articulando procedimientos específicos para su prevención y denuncia.', 'laboral_igualdad', 'laboral_igualdad', null, 'alto', 'estatal', null, null, 'Ley Orgánica 3/2007, de 22 de marzo, artículo 48', null, null, null, '["igualdad","acoso","protocolo","laboral","transversal"]'::jsonb, null, true, 'approved', false, true, 'published', true, null, '2026-05-07 18:30:18'::timestamptz, '2026-05-07 18:30:28'::timestamptz),
  ('bubamutb7dvue8zu7pn4b', 'j5fotye7bzqmqsl67dao5k', 'default', 'transportes_levante', 'compliance_obligation', 'base_obligation_proteccion_datos_transporte', 'transporte', 'Protección de datos personales', 'Obligación de cumplir la normativa de protección de datos personales en tratamientos de clientes, empleados, proveedores y usuarios.', 'proteccion_datos', 'proteccion_datos', null, 'alto', 'estatal_ue', null, null, 'Ley Orgánica 3/2018, de Protección de Datos Personales y garantía de los derechos digitales, y Reglamento (UE) 2016/679', null, null, null, '["protección de datos","RGPD","LOPDGDD","transversal"]'::jsonb, null, true, 'approved', false, true, 'published', true, null, '2026-05-07 18:30:18'::timestamptz, '2026-05-07 18:30:28'::timestamptz),
  ('dtiwms7urfvx0zb8acl72f', 'j5fotye7bzqmqsl67dao5k', 'default', 'transportes_levante', 'compliance_obligation', 'base_obligation_tacografo_transporte_transporte', 'transporte', 'Tacógrafo, tiempos de conducción y descanso', 'Obligaciones vinculadas al uso del tacógrafo y al cumplimiento de tiempos de conducción, pausas y descanso en transporte por carretera cuando resulte aplicable.', 'transporte', 'transporte', null, 'alto', 'ue_estatal', null, null, 'Reglamento (UE) nº 165/2014 y Reglamento (CE) nº 561/2006', null, null, null, '["transporte","tacógrafo","conducción","descanso"]'::jsonb, null, true, 'approved', false, true, 'published', true, null, '2026-05-07 18:30:18'::timestamptz, '2026-05-07 18:30:28'::timestamptz),
  ('q996qu9izjbzovzakaou9a', 'j5fotye7bzqmqsl67dao5k', 'default', 'transportes_levante', 'aid_item', 'aid_base_contrato_formacion_alternancia', 'transporte', 'Contrato de formación en alternancia', 'Oportunidad vinculada a contratos de formación en alternancia, con posibles bonificaciones e incentivos asociados a costes de formación y tutorización conforme a la normativa aplicable y a las condiciones vigentes en cada momento.', 'incentivo_formacion_contratacion', null, 'BONIFICACION_INCENTIVO_CONTRATACION', null, 'estatal', 'Servicio Público de Empleo Estatal / SEPE', 'https://www.sepe.es/HomeSepe/empresas/Contratos-de-trabajo/contratacion-formacion-alternancia.html', null, 'Importes/bonificaciones pendientes de revisión oficial', 'Plazo y condiciones pendientes de revisión oficial', null, null, null, true, 'approved', false, true, 'published', true, null, '2026-05-07 18:30:18'::timestamptz, '2026-05-07 18:30:28'::timestamptz),
  ('b8329p5cqum21bqbv9z325', 'j5fotye7bzqmqsl67dao5k', 'default', 'transportes_levante', 'aid_item', 'aid_base_kit_digital', 'transporte', 'Kit Digital', 'Programa de ayudas para la digitalización de pequeñas empresas, microempresas, pymes y personas en situación de autoempleo mediante el bono digital, sujeto a bases reguladoras, convocatorias, segmentos y modificaciones vigentes.', 'ayuda_subvencion_digitalizacion', null, 'TRAMITACION_AYUDA_SUBVENCION', null, 'estatal', 'BOE / Programa Kit Digital', 'https://www.boe.es/buscar/doc.php?id=BOE-A-2021-21873', null, 'Cuantía pendiente de revisión oficial según segmento y convocatoria', 'Convocatoria/plazo pendiente de revisión oficial', null, null, null, true, 'approved', false, true, 'published', true, null, '2026-05-07 18:30:18'::timestamptz, '2026-05-07 18:30:28'::timestamptz),
  ('wc9dzswoqp4p9qca1n1d4', 'hsc4tgy50msbz7s3xvsmn7', 'default', 'clinica_dental', 'compliance_obligation', 'base_obligation_prl_general_clinicas_privadas', 'clinicas_privadas', 'Prevención de riesgos laborales', 'Obligación general de integrar la prevención de riesgos laborales en la empresa y proteger la seguridad y salud de las personas trabajadoras.', 'laboral_prl', 'laboral_prl', null, 'alto', 'estatal', null, null, 'Ley 31/1995, de 8 de noviembre, de Prevención de Riesgos Laborales', null, null, null, '["laboral","prevención de riesgos","PRL","transversal"]'::jsonb, null, true, 'approved', false, true, 'published', true, null, '2026-05-08 17:43:19'::timestamptz, '2026-05-08 17:43:31'::timestamptz),
  ('1403tqoomk5n6q6ptgkanc5', 'hsc4tgy50msbz7s3xvsmn7', 'default', 'clinica_dental', 'compliance_obligation', 'base_obligation_registro_jornada_clinicas_privadas', 'clinicas_privadas', 'Registro diario de jornada', 'La empresa debe garantizar el registro diario de jornada, incluyendo horario concreto de inicio y finalización de la jornada de cada persona trabajadora.', 'laboral', 'laboral', null, 'alto', 'estatal', null, null, 'Real Decreto-ley 8/2019, de 8 de marzo, modificación del artículo 34.9 del Estatuto de los Trabajadores', null, null, null, '["laboral","registro horario","jornada","transversal"]'::jsonb, null, true, 'approved', false, true, 'published', true, null, '2026-05-08 17:43:19'::timestamptz, '2026-05-08 17:43:31'::timestamptz),
  ('q6bxqw2qpl6ldmbu5k3qx', 'hsc4tgy50msbz7s3xvsmn7', 'default', 'clinica_dental', 'compliance_obligation', 'base_obligation_registro_retributivo_clinicas_privadas', 'clinicas_privadas', 'Registro retributivo', 'Obligación de contar con registro retributivo conforme a la normativa de igualdad retributiva entre mujeres y hombres.', 'laboral_igualdad', 'laboral_igualdad', null, 'medio', 'estatal', null, null, 'Real Decreto 902/2020, de 13 de octubre, de igualdad retributiva entre mujeres y hombres', null, null, null, '["igualdad","registro retributivo","laboral","transversal"]'::jsonb, null, true, 'approved', false, true, 'published', true, null, '2026-05-08 17:43:19'::timestamptz, '2026-05-08 17:43:31'::timestamptz),
  ('7m8ustcxdf8900chekhm2k', 'hsc4tgy50msbz7s3xvsmn7', 'default', 'clinica_dental', 'compliance_obligation', 'base_obligation_protocolo_acoso_clinicas_privadas', 'clinicas_privadas', 'Medidas de prevención del acoso sexual y por razón de sexo', 'Las empresas deben promover condiciones de trabajo que eviten el acoso sexual y el acoso por razón de sexo, articulando procedimientos específicos para su prevención y denuncia.', 'laboral_igualdad', 'laboral_igualdad', null, 'alto', 'estatal', null, null, 'Ley Orgánica 3/2007, de 22 de marzo, artículo 48', null, null, null, '["igualdad","acoso","protocolo","laboral","transversal"]'::jsonb, null, true, 'approved', false, true, 'published', true, null, '2026-05-08 17:43:19'::timestamptz, '2026-05-08 17:43:31'::timestamptz),
  ('9ah4r4tkksp1w7jbczq2vd', 'hsc4tgy50msbz7s3xvsmn7', 'default', 'clinica_dental', 'compliance_obligation', 'base_obligation_proteccion_datos_clinicas_privadas', 'clinicas_privadas', 'Protección de datos personales', 'Obligación de cumplir la normativa de protección de datos personales en tratamientos de clientes, empleados, proveedores y usuarios.', 'proteccion_datos', 'proteccion_datos', null, 'alto', 'estatal_ue', null, null, 'Ley Orgánica 3/2018, de Protección de Datos Personales y garantía de los derechos digitales, y Reglamento (UE) 2016/679', null, null, null, '["protección de datos","RGPD","LOPDGDD","transversal"]'::jsonb, null, true, 'approved', false, true, 'published', true, null, '2026-05-08 17:43:19'::timestamptz, '2026-05-08 17:43:31'::timestamptz),
  ('gyrtfdwzp5gr1patwspaxc', 'hsc4tgy50msbz7s3xvsmn7', 'default', 'clinica_dental', 'compliance_obligation', 'base_obligation_consumidores_usuarios_clinicas_privadas', 'clinicas_privadas', 'Obligaciones básicas frente a consumidores y usuarios', 'Las empresas que contratan con consumidores deben respetar la normativa general de defensa de consumidores y usuarios, información contractual y garantías.', 'consumo', 'consumo', null, 'medio', 'estatal', null, null, 'Real Decreto Legislativo 1/2007, de 16 de noviembre', null, null, null, '["consumo","comercio","clientes","garantías"]'::jsonb, null, true, 'approved', false, true, 'published', true, null, '2026-05-08 17:43:19'::timestamptz, '2026-05-08 17:43:31'::timestamptz),
  ('5xkpwjpf1vweh37lmgqs2s', 'hsc4tgy50msbz7s3xvsmn7', 'default', 'clinica_dental', 'aid_item', 'aid_base_contrato_formacion_alternancia', 'clinicas_privadas', 'Contrato de formación en alternancia', 'Oportunidad vinculada a contratos de formación en alternancia, con posibles bonificaciones e incentivos asociados a costes de formación y tutorización conforme a la normativa aplicable y a las condiciones vigentes en cada momento.', 'incentivo_formacion_contratacion', null, 'BONIFICACION_INCENTIVO_CONTRATACION', null, 'estatal', 'Servicio Público de Empleo Estatal / SEPE', 'https://www.sepe.es/HomeSepe/empresas/Contratos-de-trabajo/contratacion-formacion-alternancia.html', null, 'Importes/bonificaciones pendientes de revisión oficial', 'Plazo y condiciones pendientes de revisión oficial', null, null, null, true, 'approved', false, true, 'published', true, null, '2026-05-08 17:43:19'::timestamptz, '2026-05-08 17:43:31'::timestamptz),
  ('3xeprp25kkfght7spu8j38', 'hsc4tgy50msbz7s3xvsmn7', 'default', 'clinica_dental', 'aid_item', 'aid_base_kit_digital', 'clinicas_privadas', 'Kit Digital', 'Programa de ayudas para la digitalización de pequeñas empresas, microempresas, pymes y personas en situación de autoempleo mediante el bono digital, sujeto a bases reguladoras, convocatorias, segmentos y modificaciones vigentes.', 'ayuda_subvencion_digitalizacion', null, 'TRAMITACION_AYUDA_SUBVENCION', null, 'estatal', 'BOE / Programa Kit Digital', 'https://www.boe.es/buscar/doc.php?id=BOE-A-2021-21873', null, 'Cuantía pendiente de revisión oficial según segmento y convocatoria', 'Convocatoria/plazo pendiente de revisión oficial', null, null, null, true, 'approved', false, true, 'published', true, null, '2026-05-08 17:43:19'::timestamptz, '2026-05-08 17:43:31'::timestamptz),
  ('vpdyv3qo5tqe3ip9sxfbri', '515j0rk3e7pkb1pfm8laa', 'default', 'inmobiliaria_turia', 'compliance_obligation', 'base_obligation_prl_general_oficinas', 'oficinas', 'Prevención de riesgos laborales', 'Obligación general de integrar la prevención de riesgos laborales en la empresa y proteger la seguridad y salud de las personas trabajadoras.', 'laboral_prl', 'laboral_prl', null, 'alto', 'estatal', null, null, 'Ley 31/1995, de 8 de noviembre, de Prevención de Riesgos Laborales', null, null, null, '["laboral","prevención de riesgos","PRL","transversal"]'::jsonb, null, true, 'approved', false, true, 'published', true, null, '2026-05-08 18:26:14'::timestamptz, '2026-05-08 20:01:03'::timestamptz),
  ('l2jqekbiake3k644q9dbvy', '515j0rk3e7pkb1pfm8laa', 'default', 'inmobiliaria_turia', 'compliance_obligation', 'base_obligation_registro_jornada_oficinas', 'oficinas', 'Registro diario de jornada', 'La empresa debe garantizar el registro diario de jornada, incluyendo horario concreto de inicio y finalización de la jornada de cada persona trabajadora.', 'laboral', 'laboral', null, 'alto', 'estatal', null, null, 'Real Decreto-ley 8/2019, de 8 de marzo, modificación del artículo 34.9 del Estatuto de los Trabajadores', null, null, null, '["laboral","registro horario","jornada","transversal"]'::jsonb, null, true, 'approved', false, true, 'published', true, null, '2026-05-08 18:26:14'::timestamptz, '2026-05-08 20:01:03'::timestamptz),
  ('39ogxqypb8ap6ilffzloz', '515j0rk3e7pkb1pfm8laa', 'default', 'inmobiliaria_turia', 'compliance_obligation', 'base_obligation_registro_retributivo_oficinas', 'oficinas', 'Registro retributivo', 'Obligación de contar con registro retributivo conforme a la normativa de igualdad retributiva entre mujeres y hombres.', 'laboral_igualdad', 'laboral_igualdad', null, 'medio', 'estatal', null, null, 'Real Decreto 902/2020, de 13 de octubre, de igualdad retributiva entre mujeres y hombres', null, null, null, '["igualdad","registro retributivo","laboral","transversal"]'::jsonb, null, true, 'approved', false, true, 'published', true, null, '2026-05-08 18:26:14'::timestamptz, '2026-05-08 20:01:03'::timestamptz),
  ('gksubpde6xiqzz7gn8yss', '515j0rk3e7pkb1pfm8laa', 'default', 'inmobiliaria_turia', 'compliance_obligation', 'base_obligation_protocolo_acoso_oficinas', 'oficinas', 'Medidas de prevención del acoso sexual y por razón de sexo', 'Las empresas deben promover condiciones de trabajo que eviten el acoso sexual y el acoso por razón de sexo, articulando procedimientos específicos para su prevención y denuncia.', 'laboral_igualdad', 'laboral_igualdad', null, 'alto', 'estatal', null, null, 'Ley Orgánica 3/2007, de 22 de marzo, artículo 48', null, null, null, '["igualdad","acoso","protocolo","laboral","transversal"]'::jsonb, null, true, 'approved', false, true, 'published', true, null, '2026-05-08 18:26:14'::timestamptz, '2026-05-08 20:01:03'::timestamptz),
  ('lerqirr936ctja4wpblc', '515j0rk3e7pkb1pfm8laa', 'default', 'inmobiliaria_turia', 'compliance_obligation', 'base_obligation_proteccion_datos_oficinas', 'oficinas', 'Protección de datos personales', 'Obligación de cumplir la normativa de protección de datos personales en tratamientos de clientes, empleados, proveedores y usuarios.', 'proteccion_datos', 'proteccion_datos', null, 'alto', 'estatal_ue', null, null, 'Ley Orgánica 3/2018, de Protección de Datos Personales y garantía de los derechos digitales, y Reglamento (UE) 2016/679', null, null, null, '["protección de datos","RGPD","LOPDGDD","transversal"]'::jsonb, null, true, 'approved', false, true, 'published', true, null, '2026-05-08 18:26:14'::timestamptz, '2026-05-08 20:01:03'::timestamptz),
  ('yolvdm00ty9dxywac6713p', '515j0rk3e7pkb1pfm8laa', 'default', 'inmobiliaria_turia', 'aid_item', 'aid_base_contrato_formacion_alternancia', 'oficinas', 'Contrato de formación en alternancia', 'Oportunidad vinculada a contratos de formación en alternancia, con posibles bonificaciones e incentivos asociados a costes de formación y tutorización conforme a la normativa aplicable y a las condiciones vigentes en cada momento.', 'incentivo_formacion_contratacion', null, 'BONIFICACION_INCENTIVO_CONTRATACION', null, 'estatal', 'Servicio Público de Empleo Estatal / SEPE', 'https://www.sepe.es/HomeSepe/empresas/Contratos-de-trabajo/contratacion-formacion-alternancia.html', null, 'Importes/bonificaciones pendientes de revisión oficial', 'Plazo y condiciones pendientes de revisión oficial', null, null, null, true, 'approved', false, true, 'published', true, null, '2026-05-08 18:26:14'::timestamptz, '2026-05-08 20:01:03'::timestamptz),
  ('c5ou4xdmxhjzkv7foz3tj', '515j0rk3e7pkb1pfm8laa', 'default', 'inmobiliaria_turia', 'aid_item', 'aid_base_kit_digital', 'oficinas', 'Kit Digital', 'Programa de ayudas para la digitalización de pequeñas empresas, microempresas, pymes y personas en situación de autoempleo mediante el bono digital, sujeto a bases reguladoras, convocatorias, segmentos y modificaciones vigentes.', 'ayuda_subvencion_digitalizacion', null, 'TRAMITACION_AYUDA_SUBVENCION', null, 'estatal', 'BOE / Programa Kit Digital', 'https://www.boe.es/buscar/doc.php?id=BOE-A-2021-21873', null, 'Cuantía pendiente de revisión oficial según segmento y convocatoria', 'Convocatoria/plazo pendiente de revisión oficial', null, null, null, true, 'approved', false, true, 'published', true, null, '2026-05-08 18:26:14'::timestamptz, '2026-05-08 20:01:03'::timestamptz),
  ('5b7alghxvai4kbtn8k8sa7', 'lmaq9r54ryf6r5bhd8xa15', 'default', 'industrias_metalurgicas_turia', 'compliance_obligation', 'base_obligation_prl_general_metal', 'metal', 'Prevención de riesgos laborales', 'Obligación general de integrar la prevención de riesgos laborales en la empresa y proteger la seguridad y salud de las personas trabajadoras.', 'laboral_prl', 'laboral_prl', null, 'alto', 'estatal', null, null, 'Ley 31/1995, de 8 de noviembre, de Prevención de Riesgos Laborales', null, null, null, '["laboral","prevención de riesgos","PRL","transversal"]'::jsonb, null, true, 'approved', false, true, 'published', true, null, '2026-05-09 12:35:48'::timestamptz, '2026-05-09 12:37:45'::timestamptz),
  ('gs4ukji6dt8nt8huf3kvfo', 'lmaq9r54ryf6r5bhd8xa15', 'default', 'industrias_metalurgicas_turia', 'compliance_obligation', 'base_obligation_registro_jornada_metal', 'metal', 'Registro diario de jornada', 'La empresa debe garantizar el registro diario de jornada, incluyendo horario concreto de inicio y finalización de la jornada de cada persona trabajadora.', 'laboral', 'laboral', null, 'alto', 'estatal', null, null, 'Real Decreto-ley 8/2019, de 8 de marzo, modificación del artículo 34.9 del Estatuto de los Trabajadores', null, null, null, '["laboral","registro horario","jornada","transversal"]'::jsonb, null, true, 'approved', false, true, 'published', true, null, '2026-05-09 12:35:48'::timestamptz, '2026-05-09 12:37:45'::timestamptz),
  ('ldmsndo6jyauj4llvonh9c', 'lmaq9r54ryf6r5bhd8xa15', 'default', 'industrias_metalurgicas_turia', 'compliance_obligation', 'base_obligation_registro_retributivo_metal', 'metal', 'Registro retributivo', 'Obligación de contar con registro retributivo conforme a la normativa de igualdad retributiva entre mujeres y hombres.', 'laboral_igualdad', 'laboral_igualdad', null, 'medio', 'estatal', null, null, 'Real Decreto 902/2020, de 13 de octubre, de igualdad retributiva entre mujeres y hombres', null, null, null, '["igualdad","registro retributivo","laboral","transversal"]'::jsonb, null, true, 'approved', false, true, 'published', true, null, '2026-05-09 12:35:48'::timestamptz, '2026-05-09 12:37:45'::timestamptz),
  ('d5km21m0cx460b84i9wbk7', 'lmaq9r54ryf6r5bhd8xa15', 'default', 'industrias_metalurgicas_turia', 'compliance_obligation', 'base_obligation_protocolo_acoso_metal', 'metal', 'Medidas de prevención del acoso sexual y por razón de sexo', 'Las empresas deben promover condiciones de trabajo que eviten el acoso sexual y el acoso por razón de sexo, articulando procedimientos específicos para su prevención y denuncia.', 'laboral_igualdad', 'laboral_igualdad', null, 'alto', 'estatal', null, null, 'Ley Orgánica 3/2007, de 22 de marzo, artículo 48', null, null, null, '["igualdad","acoso","protocolo","laboral","transversal"]'::jsonb, null, true, 'approved', false, true, 'published', true, null, '2026-05-09 12:35:48'::timestamptz, '2026-05-09 12:37:45'::timestamptz),
  ('iknyzx91rxicvhia6av73q', 'lmaq9r54ryf6r5bhd8xa15', 'default', 'industrias_metalurgicas_turia', 'compliance_obligation', 'base_obligation_proteccion_datos_metal', 'metal', 'Protección de datos personales', 'Obligación de cumplir la normativa de protección de datos personales en tratamientos de clientes, empleados, proveedores y usuarios.', 'proteccion_datos', 'proteccion_datos', null, 'alto', 'estatal_ue', null, null, 'Ley Orgánica 3/2018, de Protección de Datos Personales y garantía de los derechos digitales, y Reglamento (UE) 2016/679', null, null, null, '["protección de datos","RGPD","LOPDGDD","transversal"]'::jsonb, null, true, 'approved', false, true, 'published', true, null, '2026-05-09 12:35:48'::timestamptz, '2026-05-09 12:37:45'::timestamptz),
  ('0dfg0351kgkm0tatzn0mhs', 'lmaq9r54ryf6r5bhd8xa15', 'default', 'industrias_metalurgicas_turia', 'compliance_obligation', 'base_obligation_equipos_trabajo_metal', 'metal', 'Seguridad en equipos de trabajo y maquinaria', 'El empresario debe adoptar medidas para que los equipos de trabajo sean adecuados, seguros, mantenidos y utilizados conforme a las condiciones preventivas aplicables.', 'laboral_prl', 'laboral_prl', null, 'alto', 'estatal', null, null, 'Real Decreto 1215/1997, de 18 de julio', null, null, null, '["maquinaria","equipos de trabajo","PRL","seguridad"]'::jsonb, null, true, 'approved', false, true, 'published', true, null, '2026-05-09 12:35:48'::timestamptz, '2026-05-09 12:37:45'::timestamptz),
  ('fq3moadat7vczaezixt9kf', 'lmaq9r54ryf6r5bhd8xa15', 'default', 'industrias_metalurgicas_turia', 'compliance_obligation', 'base_obligation_residuos_envases_metal', 'metal', 'Gestión de envases y residuos de envases', 'Obligaciones relacionadas con la prevención y gestión de envases y residuos de envases, especialmente para actividades que ponen productos en el mercado o gestionan envases.', 'medioambiental', 'medioambiental', null, 'medio', 'estatal', null, null, 'Real Decreto 1055/2022, de 27 de diciembre, de envases y residuos de envases', null, null, null, '["residuos","envases","medio ambiente","comercio"]'::jsonb, null, true, 'approved', false, true, 'published', true, null, '2026-05-09 12:35:48'::timestamptz, '2026-05-09 12:37:45'::timestamptz),
  ('ev2bsfdw4wmdfxvo8zau55', 'lmaq9r54ryf6r5bhd8xa15', 'default', 'industrias_metalurgicas_turia', 'compliance_obligation', 'base_obligation_residuos_general_metal', 'metal', 'Gestión de residuos y economía circular', 'Obligaciones generales en materia de residuos y suelos contaminados, aplicables a actividades generadoras o gestoras de residuos.', 'medioambiental', 'medioambiental', null, 'alto', 'estatal', null, null, 'Ley 7/2022, de 8 de abril, de residuos y suelos contaminados para una economía circular', null, null, null, '["residuos","medio ambiente","economía circular","talleres"]'::jsonb, null, true, 'approved', false, true, 'published', true, null, '2026-05-09 12:35:48'::timestamptz, '2026-05-09 12:37:45'::timestamptz),
  ('6nd3pdnl292bc4ah7l084', 'lmaq9r54ryf6r5bhd8xa15', 'default', 'industrias_metalurgicas_turia', 'aid_item', 'aid_base_contrato_formacion_alternancia', 'metal', 'Contrato de formación en alternancia', 'Oportunidad vinculada a contratos de formación en alternancia, con posibles bonificaciones e incentivos asociados a costes de formación y tutorización conforme a la normativa aplicable y a las condiciones vigentes en cada momento.', 'incentivo_formacion_contratacion', null, 'BONIFICACION_INCENTIVO_CONTRATACION', null, 'estatal', 'Servicio Público de Empleo Estatal / SEPE', 'https://www.sepe.es/HomeSepe/empresas/Contratos-de-trabajo/contratacion-formacion-alternancia.html', null, 'Importes/bonificaciones pendientes de revisión oficial', 'Plazo y condiciones pendientes de revisión oficial', null, null, null, true, 'approved', false, true, 'published', true, null, '2026-05-09 12:35:48'::timestamptz, '2026-05-09 12:37:45'::timestamptz),
  ('mb0epl5f7behy549tnz3mv', 'lmaq9r54ryf6r5bhd8xa15', 'default', 'industrias_metalurgicas_turia', 'aid_item', 'aid_base_kit_digital', 'metal', 'Kit Digital', 'Programa de ayudas para la digitalización de pequeñas empresas, microempresas, pymes y personas en situación de autoempleo mediante el bono digital, sujeto a bases reguladoras, convocatorias, segmentos y modificaciones vigentes.', 'ayuda_subvencion_digitalizacion', null, 'TRAMITACION_AYUDA_SUBVENCION', null, 'estatal', 'BOE / Programa Kit Digital', 'https://www.boe.es/buscar/doc.php?id=BOE-A-2021-21873', null, 'Cuantía pendiente de revisión oficial según segmento y convocatoria', 'Convocatoria/plazo pendiente de revisión oficial', null, null, null, true, 'approved', false, true, 'published', true, null, '2026-05-09 12:35:48'::timestamptz, '2026-05-09 12:37:45'::timestamptz)
on conflict (id) do nothing;

insert into public.client_interest_requests (id, tenant_id, client_id, client_name, package_id, package_item_id, source_type, source_id, title, request_type, request_status, priority, message, created_at, updated_at, handled_at, handled_by, internal_notes) values
  ('55n3q25v4cfn0okl763ga', 'default', 'transportes_levante', 'Transportes Levante SL', 'j5fotye7bzqmqsl67dao5k', 'q996qu9izjbzovzakaou9a', 'aid_item', 'aid_base_contrato_formacion_alternancia', 'Contrato de formación en alternancia', 'BONIFICACION_INCENTIVO_CONTRATACION', 'handled', 'normal', null, '2026-05-08T13:04:58.349Z'::timestamptz, '2026-05-08T14:04:27.404Z'::timestamptz, '2026-05-08T14:04:27.404Z'::timestamptz, 'gestor_demo', null),
  ('qhbtr4t43c85v806x0fw9', 'default', 'transportes_levante', 'Transportes Levante SL', 'j5fotye7bzqmqsl67dao5k', 'b8329p5cqum21bqbv9z325', 'aid_item', 'aid_base_kit_digital', 'Kit Digital', 'TRAMITACION_AYUDA_SUBVENCION', 'handled', 'normal', 'El cliente solicita que su asesoría revise esta oportunidad.', '2026-05-08T13:16:21.333Z'::timestamptz, '2026-05-08T13:26:20.981Z'::timestamptz, '2026-05-08T13:26:20.981Z'::timestamptz, 'gestor_demo', null),
  ('ua5ryxphw43cgmpdimpb6', 'default', 'transportes_levante', 'Transportes Levante SL', 'j5fotye7bzqmqsl67dao5k', 'b8329p5cqum21bqbv9z325', 'aid_item', 'aid_base_kit_digital', 'Kit Digital', 'TRAMITACION_AYUDA_SUBVENCION', 'handled', 'normal', 'El cliente solicita que su asesoría revise esta oportunidad.', '2026-05-08T14:08:48.923Z'::timestamptz, '2026-05-08T14:14:15.440Z'::timestamptz, '2026-05-08T14:14:15.440Z'::timestamptz, 'gestor_demo', null),
  ('iihnvpk4iva9pb6fa8px', 'default', 'transportes_levante', 'Transportes Levante SL', 'j5fotye7bzqmqsl67dao5k', 'q996qu9izjbzovzakaou9a', 'aid_item', 'aid_base_contrato_formacion_alternancia', 'Contrato de formación en alternancia', 'BONIFICACION_INCENTIVO_CONTRATACION', 'handled', 'normal', null, '2026-05-08T15:03:42.764Z'::timestamptz, '2026-05-08T15:03:44.582Z'::timestamptz, '2026-05-08T15:03:44.582Z'::timestamptz, 'gestor_demo', null),
  ('55jseqcluxc7q5knoynl1b', 'default', 'transportes_levante', 'Transportes Levante SL', 'j5fotye7bzqmqsl67dao5k', 'q996qu9izjbzovzakaou9a', 'aid_item', 'aid_base_contrato_formacion_alternancia', 'Contrato de formación en alternancia', 'BONIFICACION_INCENTIVO_CONTRATACION', 'handled', 'normal', null, '2026-05-08T15:04:48.793Z'::timestamptz, '2026-05-08T15:04:48.994Z'::timestamptz, '2026-05-08T15:04:48.994Z'::timestamptz, 'gestor_demo', null),
  ('4xdnc6qvt7euveloltcng', 'default', 'inmobiliaria_turia', 'Inmobiliaria Turia', '515j0rk3e7pkb1pfm8laa', 'yolvdm00ty9dxywac6713p', 'aid_item', 'aid_base_contrato_formacion_alternancia', 'Contrato de formación en alternancia', 'BONIFICACION_INCENTIVO_CONTRATACION', 'handled', 'normal', 'El cliente solicita que su asesoría revise esta oportunidad.', '2026-05-08T19:03:05.048Z'::timestamptz, '2026-05-09T10:26:57.090Z'::timestamptz, '2026-05-09T10:26:57.090Z'::timestamptz, 'gestor_demo', null),
  ('moh2b3s7jgh2gaqvxtqlu', 'default', 'industrias_metalurgicas_turia', 'Industrias Metalúrgicas Turia', 'lmaq9r54ryf6r5bhd8xa15', '6nd3pdnl292bc4ah7l084', 'aid_item', 'aid_base_contrato_formacion_alternancia', 'Contrato de formación en alternancia', 'BONIFICACION_INCENTIVO_CONTRATACION', 'handled', 'normal', 'El cliente solicita que su asesoría revise esta oportunidad.', '2026-05-09T10:42:00.158Z'::timestamptz, '2026-05-09T10:47:39.952Z'::timestamptz, '2026-05-09T10:47:39.952Z'::timestamptz, 'gestor_demo', null),
  ('q0urpb287bsbjxg38cw6vn', 'default', 'clinica_dental', 'Clínica Dental Sonrisas', 'hsc4tgy50msbz7s3xvsmn7', '5xkpwjpf1vweh37lmgqs2s', 'aid_item', 'aid_base_contrato_formacion_alternancia', 'Contrato de formación en alternancia', 'BONIFICACION_INCENTIVO_CONTRATACION', 'handled', 'normal', 'El cliente solicita que su asesoría revise esta oportunidad.', '2026-05-09T12:18:21.247Z'::timestamptz, '2026-05-09T12:18:21.262Z'::timestamptz, '2026-05-09T12:18:21.262Z'::timestamptz, 'gestor_demo', null)
on conflict (id) do nothing;

insert into public.radar_documents (id, radar_item_id, raw_input_json, lorena_json, marc_json, quality_control_json, created_at) values
  ('3rw2n1k05v14w3uyg88p58', 'jbeovc1id8ol4kbr7bvuo', '{"input_type":"manual_test","content":"Anuncio del Ayuntamiento de Torrent sobre aprobación definitiva de la ordenanza reguladora de la administración electrónica."}'::jsonb, '{"agent":"lorena_radar_intake_api_v1","status":"ok","routing":{"send_to_marc":true,"send_to_human_review":true},"radar_analysis":{"fuente_oficial":"Boletín Oficial de la Provincia de Valencia","ambito_territorial":"Provincia de Valencia","categoria_radar":["Normativa de obligado cumplimiento","Anuncio administrativo"]},"marc_input":{"fuente_valida":true,"marc_scope_valid":true,"fuente_oficial":"Boletín Oficial de la Provincia de Valencia","ambito_territorial":"Provincia de Valencia","titulo":"Anuncio del Ayuntamiento de Torrent sobre aprobación definitiva de la ordenanza reguladora de la administración electrónica","numero_boletin":"87","fecha_publicacion":"2024-05-07","lugar_publicacion":"Valencia","organismo_emisor":"Ayuntamiento de Torrent","tipo_disposicion":"Anuncio","url":"https://bop.dival.es/bop/drvisapi.dll","idioma":"español","materias_sugeridas":["Administración electrónica","Ordenanzas municipales","Ayuntamiento de Torrent"],"apto_para_marc":true},"quality_control_lorena":{"requiere_revision_humana":true}}'::jsonb, '{"agent":"marc_radar_export_api_v2_structured_fields","status":"ok","bibliographic_data":{"titulo_normalizado":"Anuncio del Ayuntamiento de Torrent sobre aprobación definitiva de la ordenanza reguladora de la administración electrónica","fuente_oficial":"Boletín Oficial de la Provincia de Valencia","ambito_territorial":"Provincia de Valencia","organismo_emisor":"Ayuntamiento de Torrent","tipo_disposicion":"Anuncio","fecha_publicacion":"2024-05-07","idiomas":["spa"],"resumen":"Anuncio del Ayuntamiento de Torrent sobre aprobación definitiva de la ordenanza reguladora de la administración electrónica, publicado en el Boletín Oficial de la Provincia de Valencia, núm. 87, de 7 de mayo de 2024."},"marc":{"leader":"00000nam a2200000 i 4500","record_id":"BOPV-2024-87","marc_fields_order":["LDR","001","005","008","040","041","245","264","300","336","337","338","500_1","500_2","520","650_1","650_2","650_3","710_1","710_2","856"],"marc_fields":[{"field_id":"LDR","tag":"LDR","value":"00000nam a2200000 i 4500"},{"field_id":"001","tag":"001","value":"BOPV-2024-87"},{"field_id":"005","tag":"005","value":"20260504000000.0"},{"field_id":"008","tag":"008","value":"260504s2024 sp spa d"},{"field_id":"040","tag":"040","ind1":"blank","ind2":"blank","subfields":[{"code":"a","value":"[dato no proporcionado]"},{"code":"b","value":"spa"},{"code":"e","value":"rda"}]},{"field_id":"041","tag":"041","ind1":"0","ind2":"blank","subfields":[{"code":"a","value":"spa"}]},{"field_id":"245","tag":"245","ind1":"0","ind2":"0","subfields":[{"code":"a","value":"Anuncio del Ayuntamiento de Torrent sobre aprobación definitiva de la ordenanza reguladora de la administración electrónica"}]},{"field_id":"264","tag":"264","ind1":"blank","ind2":"1","subfields":[{"code":"a","value":"Valencia"},{"code":"b","value":"Boletín Oficial de la Provincia de Valencia"},{"code":"c","value":"2024"}]},{"field_id":"300","tag":"300","ind1":"blank","ind2":"blank","subfields":[{"code":"a","value":"1 recurso en línea"}]},{"field_id":"336","tag":"336","ind1":"blank","ind2":"blank","subfields":[{"code":"a","value":"texto"},{"code":"b","value":"txt"},{"code":"2","value":"rdacontent"}]},{"field_id":"337","tag":"337","ind1":"blank","ind2":"blank","subfields":[{"code":"a","value":"ordenador"},{"code":"b","value":"c"},{"code":"2","value":"rdamedia"}]},{"field_id":"338","tag":"338","ind1":"blank","ind2":"blank","subfields":[{"code":"a","value":"recurso en línea"},{"code":"b","value":"cr"},{"code":"2","value":"rdacarrier"}]},{"field_id":"500_1","tag":"500","ind1":"blank","ind2":"blank","subfields":[{"code":"a","value":"Documento publicado en el Boletín Oficial de la Provincia de Valencia."}]},{"field_id":"500_2","tag":"500","ind1":"blank","ind2":"blank","subfields":[{"code":"a","value":"Publicado en Boletín Oficial de la Provincia de Valencia, núm. 87, de 7 de mayo de 2024."}]},{"field_id":"520","tag":"520","ind1":"blank","ind2":"blank","subfields":[{"code":"a","value":"Anuncio del Ayuntamiento de Torrent sobre aprobación definitiva de la ordenanza reguladora de la administración electrónica, publicado en el Boletín Oficial de la Provincia de Valencia, núm. 87, de 7 de mayo de 2024."}]},{"field_id":"650_1","tag":"650","ind1":"blank","ind2":"4","subfields":[{"code":"a","value":"Administración electrónica"}]},{"field_id":"650_2","tag":"650","ind1":"blank","ind2":"4","subfields":[{"code":"a","value":"Ordenanzas municipales"}]},{"field_id":"650_3","tag":"650","ind1":"blank","ind2":"4","subfields":[{"code":"a","value":"Ayuntamiento de Torrent"}]},{"field_id":"710_1","tag":"710","ind1":"2","ind2":"blank","subfields":[{"code":"a","value":"Ayuntamiento de Torrent"}]},{"field_id":"710_2","tag":"710","ind1":"2","ind2":"blank","subfields":[{"code":"a","value":"Boletín Oficial de la Provincia de Valencia"}]},{"field_id":"856","tag":"856","ind1":"4","ind2":"0","subfields":[{"code":"u","value":"https://bop.dival.es/bop/drvisapi.dll"},{"code":"z","value":"Acceso al documento oficial"}]}],"field_008_components":{"generation_date_yymmdd":"260504","type_of_date":"s","publication_year":"2024","second_date_blank_count":4,"place_code":"sp","place_trailing_blank":true,"middle_blank_count":17,"language":"spa","source":"d"}},"exports":{"mrk_filename":"BOPV-2024-87.mrk","txt_filename":"BOPV-2024-87.txt","download_ready":true,"rendering_required_by_backend":true,"rendering_method":"marc_fields_to_mrk"},"quality_control":{"requiere_revision_humana":true}}'::jsonb, '{}'::jsonb, '2026-05-05 15:01:18'::timestamptz)
on conflict (id) do nothing;

insert into public.radar_review_logs (id, radar_item_id, action, actor, notes, created_at) values
  ('dfcsy3v6isncjpapzxfe7', 'jbeovc1id8ol4kbr7bvuo', 'created_from_intake', 'system', 'Hallazgo creado desde POST /api/radar/intake en estado pending_review', '2026-05-05 15:01:18'::timestamptz)
on conflict (id) do nothing;

commit;